date_id,date,day,month,year,quarter,weekday
0,2013-01-01,20130101,201301,2013,2013Q1,Tuesday
1,2013-01-07,20130107,201301,2013,2013Q1,Monday
2,2013-01-19,20130119,201301,2013,2013Q1,Saturday
3,2013-01-23,20130123,201301,2013,2013Q1,Wednesday
4,2013-01-25,20130125,201301,2013,2013Q1,Friday
5,2013-01-26,20130126,201301,2013,2013Q1,Saturday
6,2013-02-02,20130202,201302,2013,2013Q1,Saturday
7,2013-02-03,20130203,201302,2013,2013Q1,Sunday
8,2013-02-09,20130209,201302,2013,2013Q1,Saturday
9,2013-02-11,20130211,201302,2013,2013Q1,Monday
10,2013-02-19,20130219,201302,2013,2013Q1,Tuesday
11,2013-03-03,20130303,201303,2013,2013Q1,Sunday
12,2013-03-04,20130304,201303,2013,2013Q1,Monday
13,2013-03-07,20130307,201303,2013,2013Q1,Thursday
14,2013-03-10,20130310,201303,2013,2013Q1,Sunday
15,2013-03-11,20130311,201303,2013,2013Q1,Monday
16,2013-03-13,20130313,201303,2013,2013Q1,Wednesday
17,2013-03-21,20130321,201303,2013,2013Q1,Thursday
18,2013-04-18,20130418,201304,2013,2013Q2,Thursday
19,2013-04-21,20130421,201304,2013,2013Q2,Sunday
20,2013-04-22,20130422,201304,2013,2013Q2,Monday
21,2013-04-24,20130424,201304,2013,2013Q2,Wednesday
22,2013-04-25,20130425,201304,2013,2013Q2,Thursday
23,2013-04-28,20130428,201304,2013,2013Q2,Sunday
24,2013-05-02,20130502,201305,2013,2013Q2,Thursday
25,2013-05-04,20130504,201305,2013,2013Q2,Saturday
26,2013-05-11,20130511,201305,2013,2013Q2,Saturday
27,2013-05-12,20130512,201305,2013,2013Q2,Sunday
28,2013-05-13,20130513,201305,2013,2013Q2,Monday
29,2013-05-14,20130514,201305,2013,2013Q2,Tuesday
30,2013-05-16,20130516,201305,2013,2013Q2,Thursday
31,2013-05-18,20130518,201305,2013,2013Q2,Saturday
32,2013-05-19,20130519,201305,2013,2013Q2,Sunday
33,2013-05-23,20130523,201305,2013,2013Q2,Thursday
34,2013-05-25,20130525,201305,2013,2013Q2,Saturday
35,2013-06-07,20130607,201306,2013,2013Q2,Friday
36,2013-06-10,20130610,201306,2013,2013Q2,Monday
37,2013-06-15,20130615,201306,2013,2013Q2,Saturday
38,2013-06-21,20130621,201306,2013,2013Q2,Friday
39,2013-06-23,20130623,201306,2013,2013Q2,Sunday
40,2013-06-27,20130627,201306,2013,2013Q2,Thursday
41,2013-07-01,20130701,201307,2013,2013Q3,Monday
42,2013-07-02,20130702,201307,2013,2013Q3,Tuesday
43,2013-07-07,20130707,201307,2013,2013Q3,Sunday
44,2013-07-12,20130712,201307,2013,2013Q3,Friday
45,2013-07-13,20130713,201307,2013,2013Q3,Saturday
46,2013-07-14,20130714,201307,2013,2013Q3,Sunday
47,2013-07-20,20130720,201307,2013,2013Q3,Saturday
48,2013-07-26,20130726,201307,2013,2013Q3,Friday
49,2013-07-30,20130730,201307,2013,2013Q3,Tuesday
50,2013-08-02,20130802,201308,2013,2013Q3,Friday
51,2013-08-04,20130804,201308,2013,2013Q3,Sunday
52,2013-08-05,20130805,201308,2013,2013Q3,Monday
53,2013-08-06,20130806,201308,2013,2013Q3,Tuesday
54,2013-08-09,20130809,201308,2013,2013Q3,Friday
55,2013-08-14,20130814,201308,2013,2013Q3,Wednesday
56,2013-08-17,20130817,201308,2013,2013Q3,Saturday
57,2013-08-19,20130819,201308,2013,2013Q3,Monday
58,2013-08-20,20130820,201308,2013,2013Q3,Tuesday
59,2013-08-23,20130823,201308,2013,2013Q3,Friday
60,2013-08-25,20130825,201308,2013,2013Q3,Sunday
61,2013-09-07,20130907,201309,2013,2013Q3,Saturday
62,2013-09-11,20130911,201309,2013,2013Q3,Wednesday
63,2013-09-14,20130914,201309,2013,2013Q3,Saturday
64,2013-09-15,20130915,201309,2013,2013Q3,Sunday
65,2013-09-16,20130916,201309,2013,2013Q3,Monday
66,2013-09-19,20130919,201309,2013,2013Q3,Thursday
67,2013-09-20,20130920,201309,2013,2013Q3,Friday
68,2013-09-22,20130922,201309,2013,2013Q3,Sunday
69,2013-09-24,20130924,201309,2013,2013Q3,Tuesday
70,2013-09-27,20130927,201309,2013,2013Q3,Friday
71,2013-10-05,20131005,201310,2013,2013Q4,Saturday
72,2013-10-07,20131007,201310,2013,2013Q4,Monday
73,2013-10-12,20131012,201310,2013,2013Q4,Saturday
74,2013-10-13,20131013,201310,2013,2013Q4,Sunday
75,2013-10-26,20131026,201310,2013,2013Q4,Saturday
76,2013-10-27,20131027,201310,2013,2013Q4,Sunday
77,2013-11-10,20131110,201311,2013,2013Q4,Sunday
78,2013-11-11,20131111,201311,2013,2013Q4,Monday
79,2013-11-22,20131122,201311,2013,2013Q4,Friday
80,2013-11-28,20131128,201311,2013,2013Q4,Thursday
81,2013-12-01,20131201,201312,2013,2013Q4,Sunday
82,2013-12-07,20131207,201312,2013,2013Q4,Saturday
83,2013-12-22,20131222,201312,2013,2013Q4,Sunday
84,2013-12-25,20131225,201312,2013,2013Q4,Wednesday
85,2013-12-26,20131226,201312,2013,2013Q4,Thursday
86,2014-01-01,20140101,201401,2014,2014Q1,Wednesday
87,2014-01-02,20140102,201401,2014,2014Q1,Thursday
88,2014-01-03,20140103,201401,2014,2014Q1,Friday
89,2014-01-04,20140104,201401,2014,2014Q1,Saturday
90,2014-01-05,20140105,201401,2014,2014Q1,Sunday
91,2014-01-06,20140106,201401,2014,2014Q1,Monday
92,2014-01-07,20140107,201401,2014,2014Q1,Tuesday
93,2014-01-08,20140108,201401,2014,2014Q1,Wednesday
94,2014-01-09,20140109,201401,2014,2014Q1,Thursday
95,2014-01-10,20140110,201401,2014,2014Q1,Friday
96,2014-01-11,20140111,201401,2014,2014Q1,Saturday
97,2014-01-12,20140112,201401,2014,2014Q1,Sunday
98,2014-01-13,20140113,201401,2014,2014Q1,Monday
99,2014-01-14,20140114,201401,2014,2014Q1,Tuesday
100,2014-01-15,20140115,201401,2014,2014Q1,Wednesday
101,2014-01-16,20140116,201401,2014,2014Q1,Thursday
102,2014-01-17,20140117,201401,2014,2014Q1,Friday
103,2014-01-18,20140118,201401,2014,2014Q1,Saturday
104,2014-01-19,20140119,201401,2014,2014Q1,Sunday
105,2014-01-20,20140120,201401,2014,2014Q1,Monday
106,2014-01-21,20140121,201401,2014,2014Q1,Tuesday
107,2014-01-22,20140122,201401,2014,2014Q1,Wednesday
108,2014-01-23,20140123,201401,2014,2014Q1,Thursday
109,2014-01-24,20140124,201401,2014,2014Q1,Friday
110,2014-01-25,20140125,201401,2014,2014Q1,Saturday
111,2014-01-26,20140126,201401,2014,2014Q1,Sunday
112,2014-01-27,20140127,201401,2014,2014Q1,Monday
113,2014-01-28,20140128,201401,2014,2014Q1,Tuesday
114,2014-01-29,20140129,201401,2014,2014Q1,Wednesday
115,2014-01-30,20140130,201401,2014,2014Q1,Thursday
116,2014-01-31,20140131,201401,2014,2014Q1,Friday
117,2014-02-01,20140201,201402,2014,2014Q1,Saturday
118,2014-02-02,20140202,201402,2014,2014Q1,Sunday
119,2014-02-03,20140203,201402,2014,2014Q1,Monday
120,2014-02-04,20140204,201402,2014,2014Q1,Tuesday
121,2014-02-05,20140205,201402,2014,2014Q1,Wednesday
122,2014-02-06,20140206,201402,2014,2014Q1,Thursday
123,2014-02-07,20140207,201402,2014,2014Q1,Friday
124,2014-02-08,20140208,201402,2014,2014Q1,Saturday
125,2014-02-09,20140209,201402,2014,2014Q1,Sunday
126,2014-02-10,20140210,201402,2014,2014Q1,Monday
127,2014-02-11,20140211,201402,2014,2014Q1,Tuesday
128,2014-02-12,20140212,201402,2014,2014Q1,Wednesday
129,2014-02-13,20140213,201402,2014,2014Q1,Thursday
130,2014-02-14,20140214,201402,2014,2014Q1,Friday
131,2014-02-15,20140215,201402,2014,2014Q1,Saturday
132,2014-02-16,20140216,201402,2014,2014Q1,Sunday
133,2014-02-17,20140217,201402,2014,2014Q1,Monday
134,2014-02-18,20140218,201402,2014,2014Q1,Tuesday
135,2014-02-19,20140219,201402,2014,2014Q1,Wednesday
136,2014-02-20,20140220,201402,2014,2014Q1,Thursday
137,2014-02-21,20140221,201402,2014,2014Q1,Friday
138,2014-02-22,20140222,201402,2014,2014Q1,Saturday
139,2014-02-23,20140223,201402,2014,2014Q1,Sunday
140,2014-02-24,20140224,201402,2014,2014Q1,Monday
141,2014-02-25,20140225,201402,2014,2014Q1,Tuesday
142,2014-02-26,20140226,201402,2014,2014Q1,Wednesday
143,2014-02-27,20140227,201402,2014,2014Q1,Thursday
144,2014-02-28,20140228,201402,2014,2014Q1,Friday
145,2014-03-01,20140301,201403,2014,2014Q1,Saturday
146,2014-03-02,20140302,201403,2014,2014Q1,Sunday
147,2014-03-03,20140303,201403,2014,2014Q1,Monday
148,2014-03-04,20140304,201403,2014,2014Q1,Tuesday
149,2014-03-05,20140305,201403,2014,2014Q1,Wednesday
150,2014-03-06,20140306,201403,2014,2014Q1,Thursday
151,2014-03-07,20140307,201403,2014,2014Q1,Friday
152,2014-03-08,20140308,201403,2014,2014Q1,Saturday
153,2014-03-09,20140309,201403,2014,2014Q1,Sunday
154,2014-03-10,20140310,201403,2014,2014Q1,Monday
155,2014-03-11,20140311,201403,2014,2014Q1,Tuesday
156,2014-03-12,20140312,201403,2014,2014Q1,Wednesday
157,2014-03-13,20140313,201403,2014,2014Q1,Thursday
158,2014-03-14,20140314,201403,2014,2014Q1,Friday
159,2014-03-15,20140315,201403,2014,2014Q1,Saturday
160,2014-03-16,20140316,201403,2014,2014Q1,Sunday
161,2014-03-17,20140317,201403,2014,2014Q1,Monday
162,2014-03-18,20140318,201403,2014,2014Q1,Tuesday
163,2014-03-19,20140319,201403,2014,2014Q1,Wednesday
164,2014-03-20,20140320,201403,2014,2014Q1,Thursday
165,2014-03-21,20140321,201403,2014,2014Q1,Friday
166,2014-03-22,20140322,201403,2014,2014Q1,Saturday
167,2014-03-23,20140323,201403,2014,2014Q1,Sunday
168,2014-03-24,20140324,201403,2014,2014Q1,Monday
169,2014-03-25,20140325,201403,2014,2014Q1,Tuesday
170,2014-03-26,20140326,201403,2014,2014Q1,Wednesday
171,2014-03-27,20140327,201403,2014,2014Q1,Thursday
172,2014-03-28,20140328,201403,2014,2014Q1,Friday
173,2014-03-29,20140329,201403,2014,2014Q1,Saturday
174,2014-03-30,20140330,201403,2014,2014Q1,Sunday
175,2014-03-31,20140331,201403,2014,2014Q1,Monday
176,2014-04-01,20140401,201404,2014,2014Q2,Tuesday
177,2014-04-02,20140402,201404,2014,2014Q2,Wednesday
178,2014-04-03,20140403,201404,2014,2014Q2,Thursday
179,2014-04-04,20140404,201404,2014,2014Q2,Friday
180,2014-04-05,20140405,201404,2014,2014Q2,Saturday
181,2014-04-06,20140406,201404,2014,2014Q2,Sunday
182,2014-04-07,20140407,201404,2014,2014Q2,Monday
183,2014-04-08,20140408,201404,2014,2014Q2,Tuesday
184,2014-04-09,20140409,201404,2014,2014Q2,Wednesday
185,2014-04-10,20140410,201404,2014,2014Q2,Thursday
186,2014-04-11,20140411,201404,2014,2014Q2,Friday
187,2014-04-12,20140412,201404,2014,2014Q2,Saturday
188,2014-04-13,20140413,201404,2014,2014Q2,Sunday
189,2014-04-14,20140414,201404,2014,2014Q2,Monday
190,2014-04-15,20140415,201404,2014,2014Q2,Tuesday
191,2014-04-16,20140416,201404,2014,2014Q2,Wednesday
192,2014-04-17,20140417,201404,2014,2014Q2,Thursday
193,2014-04-18,20140418,201404,2014,2014Q2,Friday
194,2014-04-19,20140419,201404,2014,2014Q2,Saturday
195,2014-04-20,20140420,201404,2014,2014Q2,Sunday
196,2014-04-21,20140421,201404,2014,2014Q2,Monday
197,2014-04-22,20140422,201404,2014,2014Q2,Tuesday
198,2014-04-23,20140423,201404,2014,2014Q2,Wednesday
199,2014-04-24,20140424,201404,2014,2014Q2,Thursday
200,2014-04-25,20140425,201404,2014,2014Q2,Friday
201,2014-04-26,20140426,201404,2014,2014Q2,Saturday
202,2014-04-27,20140427,201404,2014,2014Q2,Sunday
203,2014-04-28,20140428,201404,2014,2014Q2,Monday
204,2014-04-29,20140429,201404,2014,2014Q2,Tuesday
205,2014-04-30,20140430,201404,2014,2014Q2,Wednesday
206,2014-05-01,20140501,201405,2014,2014Q2,Thursday
207,2014-05-02,20140502,201405,2014,2014Q2,Friday
208,2014-05-03,20140503,201405,2014,2014Q2,Saturday
209,2014-05-04,20140504,201405,2014,2014Q2,Sunday
210,2014-05-05,20140505,201405,2014,2014Q2,Monday
211,2014-05-06,20140506,201405,2014,2014Q2,Tuesday
212,2014-05-07,20140507,201405,2014,2014Q2,Wednesday
213,2014-05-08,20140508,201405,2014,2014Q2,Thursday
214,2014-05-09,20140509,201405,2014,2014Q2,Friday
215,2014-05-10,20140510,201405,2014,2014Q2,Saturday
216,2014-05-11,20140511,201405,2014,2014Q2,Sunday
217,2014-05-12,20140512,201405,2014,2014Q2,Monday
218,2014-05-13,20140513,201405,2014,2014Q2,Tuesday
219,2014-05-14,20140514,201405,2014,2014Q2,Wednesday
220,2014-05-15,20140515,201405,2014,2014Q2,Thursday
221,2014-05-16,20140516,201405,2014,2014Q2,Friday
222,2014-05-17,20140517,201405,2014,2014Q2,Saturday
223,2014-05-18,20140518,201405,2014,2014Q2,Sunday
224,2014-05-19,20140519,201405,2014,2014Q2,Monday
225,2014-05-20,20140520,201405,2014,2014Q2,Tuesday
226,2014-05-21,20140521,201405,2014,2014Q2,Wednesday
227,2014-05-22,20140522,201405,2014,2014Q2,Thursday
228,2014-05-23,20140523,201405,2014,2014Q2,Friday
229,2014-05-24,20140524,201405,2014,2014Q2,Saturday
230,2014-05-25,20140525,201405,2014,2014Q2,Sunday
231,2014-05-26,20140526,201405,2014,2014Q2,Monday
232,2014-05-27,20140527,201405,2014,2014Q2,Tuesday
233,2014-05-28,20140528,201405,2014,2014Q2,Wednesday
234,2014-05-29,20140529,201405,2014,2014Q2,Thursday
235,2014-05-30,20140530,201405,2014,2014Q2,Friday
236,2014-05-31,20140531,201405,2014,2014Q2,Saturday
237,2014-06-01,20140601,201406,2014,2014Q2,Sunday
238,2014-06-02,20140602,201406,2014,2014Q2,Monday
239,2014-06-03,20140603,201406,2014,2014Q2,Tuesday
240,2014-06-04,20140604,201406,2014,2014Q2,Wednesday
241,2014-06-05,20140605,201406,2014,2014Q2,Thursday
242,2014-06-06,20140606,201406,2014,2014Q2,Friday
243,2014-06-07,20140607,201406,2014,2014Q2,Saturday
244,2014-06-08,20140608,201406,2014,2014Q2,Sunday
245,2014-06-09,20140609,201406,2014,2014Q2,Monday
246,2014-06-10,20140610,201406,2014,2014Q2,Tuesday
247,2014-06-11,20140611,201406,2014,2014Q2,Wednesday
248,2014-06-12,20140612,201406,2014,2014Q2,Thursday
249,2014-06-13,20140613,201406,2014,2014Q2,Friday
250,2014-06-14,20140614,201406,2014,2014Q2,Saturday
251,2014-06-15,20140615,201406,2014,2014Q2,Sunday
252,2014-06-16,20140616,201406,2014,2014Q2,Monday
253,2014-06-17,20140617,201406,2014,2014Q2,Tuesday
254,2014-06-18,20140618,201406,2014,2014Q2,Wednesday
255,2014-06-19,20140619,201406,2014,2014Q2,Thursday
256,2014-06-20,20140620,201406,2014,2014Q2,Friday
257,2014-06-21,20140621,201406,2014,2014Q2,Saturday
258,2014-06-22,20140622,201406,2014,2014Q2,Sunday
259,2014-06-23,20140623,201406,2014,2014Q2,Monday
260,2014-06-24,20140624,201406,2014,2014Q2,Tuesday
261,2014-06-25,20140625,201406,2014,2014Q2,Wednesday
262,2014-06-26,20140626,201406,2014,2014Q2,Thursday
263,2014-06-27,20140627,201406,2014,2014Q2,Friday
264,2014-06-28,20140628,201406,2014,2014Q2,Saturday
265,2014-06-29,20140629,201406,2014,2014Q2,Sunday
266,2014-06-30,20140630,201406,2014,2014Q2,Monday
267,2014-07-01,20140701,201407,2014,2014Q3,Tuesday
268,2014-07-02,20140702,201407,2014,2014Q3,Wednesday
269,2014-07-03,20140703,201407,2014,2014Q3,Thursday
270,2014-07-04,20140704,201407,2014,2014Q3,Friday
271,2014-07-05,20140705,201407,2014,2014Q3,Saturday
272,2014-07-06,20140706,201407,2014,2014Q3,Sunday
273,2014-07-07,20140707,201407,2014,2014Q3,Monday
274,2014-07-08,20140708,201407,2014,2014Q3,Tuesday
275,2014-07-09,20140709,201407,2014,2014Q3,Wednesday
276,2014-07-10,20140710,201407,2014,2014Q3,Thursday
277,2014-07-11,20140711,201407,2014,2014Q3,Friday
278,2014-07-12,20140712,201407,2014,2014Q3,Saturday
279,2014-07-13,20140713,201407,2014,2014Q3,Sunday
280,2014-07-14,20140714,201407,2014,2014Q3,Monday
281,2014-07-15,20140715,201407,2014,2014Q3,Tuesday
282,2014-07-16,20140716,201407,2014,2014Q3,Wednesday
283,2014-07-17,20140717,201407,2014,2014Q3,Thursday
284,2014-07-18,20140718,201407,2014,2014Q3,Friday
285,2014-07-19,20140719,201407,2014,2014Q3,Saturday
286,2014-07-20,20140720,201407,2014,2014Q3,Sunday
287,2014-07-21,20140721,201407,2014,2014Q3,Monday
288,2014-07-22,20140722,201407,2014,2014Q3,Tuesday
289,2014-07-23,20140723,201407,2014,2014Q3,Wednesday
290,2014-07-24,20140724,201407,2014,2014Q3,Thursday
291,2014-07-25,20140725,201407,2014,2014Q3,Friday
292,2014-07-26,20140726,201407,2014,2014Q3,Saturday
293,2014-07-27,20140727,201407,2014,2014Q3,Sunday
294,2014-07-28,20140728,201407,2014,2014Q3,Monday
295,2014-07-29,20140729,201407,2014,2014Q3,Tuesday
296,2014-07-30,20140730,201407,2014,2014Q3,Wednesday
297,2014-07-31,20140731,201407,2014,2014Q3,Thursday
298,2014-08-01,20140801,201408,2014,2014Q3,Friday
299,2014-08-02,20140802,201408,2014,2014Q3,Saturday
300,2014-08-03,20140803,201408,2014,2014Q3,Sunday
301,2014-08-04,20140804,201408,2014,2014Q3,Monday
302,2014-08-05,20140805,201408,2014,2014Q3,Tuesday
303,2014-08-06,20140806,201408,2014,2014Q3,Wednesday
304,2014-08-07,20140807,201408,2014,2014Q3,Thursday
305,2014-08-08,20140808,201408,2014,2014Q3,Friday
306,2014-08-09,20140809,201408,2014,2014Q3,Saturday
307,2014-08-10,20140810,201408,2014,2014Q3,Sunday
308,2014-08-11,20140811,201408,2014,2014Q3,Monday
309,2014-08-12,20140812,201408,2014,2014Q3,Tuesday
310,2014-08-13,20140813,201408,2014,2014Q3,Wednesday
311,2014-08-14,20140814,201408,2014,2014Q3,Thursday
312,2014-08-15,20140815,201408,2014,2014Q3,Friday
313,2014-08-16,20140816,201408,2014,2014Q3,Saturday
314,2014-08-17,20140817,201408,2014,2014Q3,Sunday
315,2014-08-18,20140818,201408,2014,2014Q3,Monday
316,2014-08-19,20140819,201408,2014,2014Q3,Tuesday
317,2014-08-20,20140820,201408,2014,2014Q3,Wednesday
318,2014-08-21,20140821,201408,2014,2014Q3,Thursday
319,2014-08-22,20140822,201408,2014,2014Q3,Friday
320,2014-08-23,20140823,201408,2014,2014Q3,Saturday
321,2014-08-24,20140824,201408,2014,2014Q3,Sunday
322,2014-08-25,20140825,201408,2014,2014Q3,Monday
323,2014-08-26,20140826,201408,2014,2014Q3,Tuesday
324,2014-08-27,20140827,201408,2014,2014Q3,Wednesday
325,2014-08-28,20140828,201408,2014,2014Q3,Thursday
326,2014-08-29,20140829,201408,2014,2014Q3,Friday
327,2014-08-30,20140830,201408,2014,2014Q3,Saturday
328,2014-08-31,20140831,201408,2014,2014Q3,Sunday
329,2014-09-01,20140901,201409,2014,2014Q3,Monday
330,2014-09-02,20140902,201409,2014,2014Q3,Tuesday
331,2014-09-03,20140903,201409,2014,2014Q3,Wednesday
332,2014-09-04,20140904,201409,2014,2014Q3,Thursday
333,2014-09-05,20140905,201409,2014,2014Q3,Friday
334,2014-09-06,20140906,201409,2014,2014Q3,Saturday
335,2014-09-07,20140907,201409,2014,2014Q3,Sunday
336,2014-09-08,20140908,201409,2014,2014Q3,Monday
337,2014-09-09,20140909,201409,2014,2014Q3,Tuesday
338,2014-09-10,20140910,201409,2014,2014Q3,Wednesday
339,2014-09-11,20140911,201409,2014,2014Q3,Thursday
340,2014-09-12,20140912,201409,2014,2014Q3,Friday
341,2014-09-13,20140913,201409,2014,2014Q3,Saturday
342,2014-09-14,20140914,201409,2014,2014Q3,Sunday
343,2014-09-15,20140915,201409,2014,2014Q3,Monday
344,2014-09-16,20140916,201409,2014,2014Q3,Tuesday
345,2014-09-17,20140917,201409,2014,2014Q3,Wednesday
346,2014-09-18,20140918,201409,2014,2014Q3,Thursday
347,2014-09-19,20140919,201409,2014,2014Q3,Friday
348,2014-09-20,20140920,201409,2014,2014Q3,Saturday
349,2014-09-21,20140921,201409,2014,2014Q3,Sunday
350,2014-09-22,20140922,201409,2014,2014Q3,Monday
351,2014-09-23,20140923,201409,2014,2014Q3,Tuesday
352,2014-09-24,20140924,201409,2014,2014Q3,Wednesday
353,2014-09-25,20140925,201409,2014,2014Q3,Thursday
354,2014-09-26,20140926,201409,2014,2014Q3,Friday
355,2014-09-27,20140927,201409,2014,2014Q3,Saturday
356,2014-09-28,20140928,201409,2014,2014Q3,Sunday
357,2014-09-29,20140929,201409,2014,2014Q3,Monday
358,2014-09-30,20140930,201409,2014,2014Q3,Tuesday
359,2014-10-01,20141001,201410,2014,2014Q4,Wednesday
360,2014-10-02,20141002,201410,2014,2014Q4,Thursday
361,2014-10-03,20141003,201410,2014,2014Q4,Friday
362,2014-10-04,20141004,201410,2014,2014Q4,Saturday
363,2014-10-05,20141005,201410,2014,2014Q4,Sunday
364,2014-10-06,20141006,201410,2014,2014Q4,Monday
365,2014-10-07,20141007,201410,2014,2014Q4,Tuesday
366,2014-10-08,20141008,201410,2014,2014Q4,Wednesday
367,2014-10-09,20141009,201410,2014,2014Q4,Thursday
368,2014-10-10,20141010,201410,2014,2014Q4,Friday
369,2014-10-11,20141011,201410,2014,2014Q4,Saturday
370,2014-10-12,20141012,201410,2014,2014Q4,Sunday
371,2014-10-13,20141013,201410,2014,2014Q4,Monday
372,2014-10-14,20141014,201410,2014,2014Q4,Tuesday
373,2014-10-15,20141015,201410,2014,2014Q4,Wednesday
374,2014-10-16,20141016,201410,2014,2014Q4,Thursday
375,2014-10-17,20141017,201410,2014,2014Q4,Friday
376,2014-10-18,20141018,201410,2014,2014Q4,Saturday
377,2014-10-19,20141019,201410,2014,2014Q4,Sunday
378,2014-10-20,20141020,201410,2014,2014Q4,Monday
379,2014-10-21,20141021,201410,2014,2014Q4,Tuesday
380,2014-10-22,20141022,201410,2014,2014Q4,Wednesday
381,2014-10-23,20141023,201410,2014,2014Q4,Thursday
382,2014-10-24,20141024,201410,2014,2014Q4,Friday
383,2014-10-25,20141025,201410,2014,2014Q4,Saturday
384,2014-10-26,20141026,201410,2014,2014Q4,Sunday
385,2014-10-27,20141027,201410,2014,2014Q4,Monday
386,2014-10-28,20141028,201410,2014,2014Q4,Tuesday
387,2014-10-29,20141029,201410,2014,2014Q4,Wednesday
388,2014-10-30,20141030,201410,2014,2014Q4,Thursday
389,2014-10-31,20141031,201410,2014,2014Q4,Friday
390,2014-11-01,20141101,201411,2014,2014Q4,Saturday
391,2014-11-02,20141102,201411,2014,2014Q4,Sunday
392,2014-11-03,20141103,201411,2014,2014Q4,Monday
393,2014-11-04,20141104,201411,2014,2014Q4,Tuesday
394,2014-11-05,20141105,201411,2014,2014Q4,Wednesday
395,2014-11-06,20141106,201411,2014,2014Q4,Thursday
396,2014-11-07,20141107,201411,2014,2014Q4,Friday
397,2014-11-08,20141108,201411,2014,2014Q4,Saturday
398,2014-11-09,20141109,201411,2014,2014Q4,Sunday
399,2014-11-10,20141110,201411,2014,2014Q4,Monday
400,2014-11-11,20141111,201411,2014,2014Q4,Tuesday
401,2014-11-12,20141112,201411,2014,2014Q4,Wednesday
402,2014-11-13,20141113,201411,2014,2014Q4,Thursday
403,2014-11-14,20141114,201411,2014,2014Q4,Friday
404,2014-11-15,20141115,201411,2014,2014Q4,Saturday
405,2014-11-16,20141116,201411,2014,2014Q4,Sunday
406,2014-11-17,20141117,201411,2014,2014Q4,Monday
407,2014-11-18,20141118,201411,2014,2014Q4,Tuesday
408,2014-11-19,20141119,201411,2014,2014Q4,Wednesday
409,2014-11-20,20141120,201411,2014,2014Q4,Thursday
410,2014-11-21,20141121,201411,2014,2014Q4,Friday
411,2014-11-22,20141122,201411,2014,2014Q4,Saturday
412,2014-11-23,20141123,201411,2014,2014Q4,Sunday
413,2014-11-24,20141124,201411,2014,2014Q4,Monday
414,2014-11-25,20141125,201411,2014,2014Q4,Tuesday
415,2014-11-26,20141126,201411,2014,2014Q4,Wednesday
416,2014-11-27,20141127,201411,2014,2014Q4,Thursday
417,2014-11-28,20141128,201411,2014,2014Q4,Friday
418,2014-11-29,20141129,201411,2014,2014Q4,Saturday
419,2014-11-30,20141130,201411,2014,2014Q4,Sunday
420,2014-12-01,20141201,201412,2014,2014Q4,Monday
421,2014-12-02,20141202,201412,2014,2014Q4,Tuesday
422,2014-12-03,20141203,201412,2014,2014Q4,Wednesday
423,2014-12-04,20141204,201412,2014,2014Q4,Thursday
424,2014-12-05,20141205,201412,2014,2014Q4,Friday
425,2014-12-06,20141206,201412,2014,2014Q4,Saturday
426,2014-12-07,20141207,201412,2014,2014Q4,Sunday
427,2014-12-08,20141208,201412,2014,2014Q4,Monday
428,2014-12-09,20141209,201412,2014,2014Q4,Tuesday
429,2014-12-10,20141210,201412,2014,2014Q4,Wednesday
430,2014-12-11,20141211,201412,2014,2014Q4,Thursday
431,2014-12-12,20141212,201412,2014,2014Q4,Friday
432,2014-12-13,20141213,201412,2014,2014Q4,Saturday
433,2014-12-14,20141214,201412,2014,2014Q4,Sunday
434,2014-12-15,20141215,201412,2014,2014Q4,Monday
435,2014-12-16,20141216,201412,2014,2014Q4,Tuesday
436,2014-12-17,20141217,201412,2014,2014Q4,Wednesday
437,2014-12-18,20141218,201412,2014,2014Q4,Thursday
438,2014-12-19,20141219,201412,2014,2014Q4,Friday
439,2014-12-20,20141220,201412,2014,2014Q4,Saturday
440,2014-12-21,20141221,201412,2014,2014Q4,Sunday
441,2014-12-22,20141222,201412,2014,2014Q4,Monday
442,2014-12-23,20141223,201412,2014,2014Q4,Tuesday
443,2014-12-24,20141224,201412,2014,2014Q4,Wednesday
444,2014-12-25,20141225,201412,2014,2014Q4,Thursday
445,2014-12-26,20141226,201412,2014,2014Q4,Friday
446,2014-12-27,20141227,201412,2014,2014Q4,Saturday
447,2014-12-28,20141228,201412,2014,2014Q4,Sunday
448,2014-12-29,20141229,201412,2014,2014Q4,Monday
449,2014-12-30,20141230,201412,2014,2014Q4,Tuesday
450,2014-12-31,20141231,201412,2014,2014Q4,Wednesday
451,2015-01-01,20150101,201501,2015,2015Q1,Thursday
452,2015-01-02,20150102,201501,2015,2015Q1,Friday
453,2015-01-03,20150103,201501,2015,2015Q1,Saturday
454,2015-01-04,20150104,201501,2015,2015Q1,Sunday
455,2015-01-05,20150105,201501,2015,2015Q1,Monday
456,2015-01-06,20150106,201501,2015,2015Q1,Tuesday
457,2015-01-07,20150107,201501,2015,2015Q1,Wednesday
458,2015-01-08,20150108,201501,2015,2015Q1,Thursday
459,2015-01-09,20150109,201501,2015,2015Q1,Friday
460,2015-01-10,20150110,201501,2015,2015Q1,Saturday
461,2015-01-11,20150111,201501,2015,2015Q1,Sunday
462,2015-01-12,20150112,201501,2015,2015Q1,Monday
463,2015-01-13,20150113,201501,2015,2015Q1,Tuesday
464,2015-01-14,20150114,201501,2015,2015Q1,Wednesday
465,2015-01-15,20150115,201501,2015,2015Q1,Thursday
466,2015-01-16,20150116,201501,2015,2015Q1,Friday
467,2015-01-17,20150117,201501,2015,2015Q1,Saturday
468,2015-01-18,20150118,201501,2015,2015Q1,Sunday
469,2015-01-19,20150119,201501,2015,2015Q1,Monday
470,2015-01-20,20150120,201501,2015,2015Q1,Tuesday
471,2015-01-21,20150121,201501,2015,2015Q1,Wednesday
472,2015-01-22,20150122,201501,2015,2015Q1,Thursday
473,2015-01-23,20150123,201501,2015,2015Q1,Friday
474,2015-01-24,20150124,201501,2015,2015Q1,Saturday
475,2015-01-25,20150125,201501,2015,2015Q1,Sunday
476,2015-01-26,20150126,201501,2015,2015Q1,Monday
477,2015-01-27,20150127,201501,2015,2015Q1,Tuesday
478,2015-01-28,20150128,201501,2015,2015Q1,Wednesday
479,2015-01-29,20150129,201501,2015,2015Q1,Thursday
480,2015-01-30,20150130,201501,2015,2015Q1,Friday
481,2015-01-31,20150131,201501,2015,2015Q1,Saturday
482,2015-02-01,20150201,201502,2015,2015Q1,Sunday
483,2015-02-02,20150202,201502,2015,2015Q1,Monday
484,2015-02-03,20150203,201502,2015,2015Q1,Tuesday
485,2015-02-04,20150204,201502,2015,2015Q1,Wednesday
486,2015-02-05,20150205,201502,2015,2015Q1,Thursday
487,2015-02-06,20150206,201502,2015,2015Q1,Friday
488,2015-02-07,20150207,201502,2015,2015Q1,Saturday
489,2015-02-08,20150208,201502,2015,2015Q1,Sunday
490,2015-02-09,20150209,201502,2015,2015Q1,Monday
491,2015-02-10,20150210,201502,2015,2015Q1,Tuesday
492,2015-02-11,20150211,201502,2015,2015Q1,Wednesday
493,2015-02-12,20150212,201502,2015,2015Q1,Thursday
494,2015-02-13,20150213,201502,2015,2015Q1,Friday
495,2015-02-14,20150214,201502,2015,2015Q1,Saturday
496,2015-02-15,20150215,201502,2015,2015Q1,Sunday
497,2015-02-16,20150216,201502,2015,2015Q1,Monday
498,2015-02-17,20150217,201502,2015,2015Q1,Tuesday
499,2015-02-18,20150218,201502,2015,2015Q1,Wednesday
500,2015-02-19,20150219,201502,2015,2015Q1,Thursday
501,2015-02-20,20150220,201502,2015,2015Q1,Friday
502,2015-02-21,20150221,201502,2015,2015Q1,Saturday
503,2015-02-22,20150222,201502,2015,2015Q1,Sunday
504,2015-02-23,20150223,201502,2015,2015Q1,Monday
505,2015-02-24,20150224,201502,2015,2015Q1,Tuesday
506,2015-02-25,20150225,201502,2015,2015Q1,Wednesday
507,2015-02-26,20150226,201502,2015,2015Q1,Thursday
508,2015-02-27,20150227,201502,2015,2015Q1,Friday
509,2015-02-28,20150228,201502,2015,2015Q1,Saturday
510,2015-03-01,20150301,201503,2015,2015Q1,Sunday
511,2015-03-02,20150302,201503,2015,2015Q1,Monday
512,2015-03-03,20150303,201503,2015,2015Q1,Tuesday
513,2015-03-04,20150304,201503,2015,2015Q1,Wednesday
514,2015-03-05,20150305,201503,2015,2015Q1,Thursday
515,2015-03-06,20150306,201503,2015,2015Q1,Friday
516,2015-03-07,20150307,201503,2015,2015Q1,Saturday
517,2015-03-08,20150308,201503,2015,2015Q1,Sunday
518,2015-03-09,20150309,201503,2015,2015Q1,Monday
519,2015-03-10,20150310,201503,2015,2015Q1,Tuesday
520,2015-03-11,20150311,201503,2015,2015Q1,Wednesday
521,2015-03-12,20150312,201503,2015,2015Q1,Thursday
522,2015-03-13,20150313,201503,2015,2015Q1,Friday
523,2015-03-14,20150314,201503,2015,2015Q1,Saturday
524,2015-03-15,20150315,201503,2015,2015Q1,Sunday
525,2015-03-16,20150316,201503,2015,2015Q1,Monday
526,2015-03-17,20150317,201503,2015,2015Q1,Tuesday
527,2015-03-18,20150318,201503,2015,2015Q1,Wednesday
528,2015-03-19,20150319,201503,2015,2015Q1,Thursday
529,2015-03-20,20150320,201503,2015,2015Q1,Friday
530,2015-03-21,20150321,201503,2015,2015Q1,Saturday
531,2015-03-22,20150322,201503,2015,2015Q1,Sunday
532,2015-03-23,20150323,201503,2015,2015Q1,Monday
533,2015-03-24,20150324,201503,2015,2015Q1,Tuesday
534,2015-03-25,20150325,201503,2015,2015Q1,Wednesday
535,2015-03-26,20150326,201503,2015,2015Q1,Thursday
536,2015-03-27,20150327,201503,2015,2015Q1,Friday
537,2015-03-28,20150328,201503,2015,2015Q1,Saturday
538,2015-03-29,20150329,201503,2015,2015Q1,Sunday
539,2015-03-30,20150330,201503,2015,2015Q1,Monday
540,2015-03-31,20150331,201503,2015,2015Q1,Tuesday
541,2015-04-01,20150401,201504,2015,2015Q2,Wednesday
542,2015-04-02,20150402,201504,2015,2015Q2,Thursday
543,2015-04-03,20150403,201504,2015,2015Q2,Friday
544,2015-04-04,20150404,201504,2015,2015Q2,Saturday
545,2015-04-05,20150405,201504,2015,2015Q2,Sunday
546,2015-04-06,20150406,201504,2015,2015Q2,Monday
547,2015-04-07,20150407,201504,2015,2015Q2,Tuesday
548,2015-04-08,20150408,201504,2015,2015Q2,Wednesday
549,2015-04-09,20150409,201504,2015,2015Q2,Thursday
550,2015-04-10,20150410,201504,2015,2015Q2,Friday
551,2015-04-11,20150411,201504,2015,2015Q2,Saturday
552,2015-04-12,20150412,201504,2015,2015Q2,Sunday
553,2015-04-13,20150413,201504,2015,2015Q2,Monday
554,2015-04-14,20150414,201504,2015,2015Q2,Tuesday
555,2015-04-15,20150415,201504,2015,2015Q2,Wednesday
556,2015-04-16,20150416,201504,2015,2015Q2,Thursday
557,2015-04-17,20150417,201504,2015,2015Q2,Friday
558,2015-04-18,20150418,201504,2015,2015Q2,Saturday
559,2015-04-19,20150419,201504,2015,2015Q2,Sunday
560,2015-04-20,20150420,201504,2015,2015Q2,Monday
561,2015-04-22,20150422,201504,2015,2015Q2,Wednesday
562,2015-04-23,20150423,201504,2015,2015Q2,Thursday
563,2015-04-24,20150424,201504,2015,2015Q2,Friday
564,2015-04-25,20150425,201504,2015,2015Q2,Saturday
565,2015-04-26,20150426,201504,2015,2015Q2,Sunday
566,2015-04-27,20150427,201504,2015,2015Q2,Monday
567,2015-04-28,20150428,201504,2015,2015Q2,Tuesday
568,2015-04-29,20150429,201504,2015,2015Q2,Wednesday
569,2015-04-30,20150430,201504,2015,2015Q2,Thursday
570,2015-05-01,20150501,201505,2015,2015Q2,Friday
571,2015-05-02,20150502,201505,2015,2015Q2,Saturday
572,2015-05-03,20150503,201505,2015,2015Q2,Sunday
573,2015-05-04,20150504,201505,2015,2015Q2,Monday
574,2015-05-05,20150505,201505,2015,2015Q2,Tuesday
575,2015-05-06,20150506,201505,2015,2015Q2,Wednesday
576,2015-05-07,20150507,201505,2015,2015Q2,Thursday
577,2015-05-08,20150508,201505,2015,2015Q2,Friday
578,2015-05-09,20150509,201505,2015,2015Q2,Saturday
579,2015-05-10,20150510,201505,2015,2015Q2,Sunday
580,2015-05-11,20150511,201505,2015,2015Q2,Monday
581,2015-05-12,20150512,201505,2015,2015Q2,Tuesday
582,2015-05-13,20150513,201505,2015,2015Q2,Wednesday
583,2015-05-14,20150514,201505,2015,2015Q2,Thursday
584,2015-05-15,20150515,201505,2015,2015Q2,Friday
585,2015-05-16,20150516,201505,2015,2015Q2,Saturday
586,2015-05-17,20150517,201505,2015,2015Q2,Sunday
587,2015-05-18,20150518,201505,2015,2015Q2,Monday
588,2015-05-19,20150519,201505,2015,2015Q2,Tuesday
589,2015-05-20,20150520,201505,2015,2015Q2,Wednesday
590,2015-05-21,20150521,201505,2015,2015Q2,Thursday
591,2015-05-22,20150522,201505,2015,2015Q2,Friday
592,2015-05-23,20150523,201505,2015,2015Q2,Saturday
593,2015-05-24,20150524,201505,2015,2015Q2,Sunday
594,2015-05-25,20150525,201505,2015,2015Q2,Monday
595,2015-05-26,20150526,201505,2015,2015Q2,Tuesday
596,2015-05-27,20150527,201505,2015,2015Q2,Wednesday
597,2015-05-28,20150528,201505,2015,2015Q2,Thursday
598,2015-05-29,20150529,201505,2015,2015Q2,Friday
599,2015-05-30,20150530,201505,2015,2015Q2,Saturday
600,2015-05-31,20150531,201505,2015,2015Q2,Sunday
601,2015-06-01,20150601,201506,2015,2015Q2,Monday
602,2015-06-02,20150602,201506,2015,2015Q2,Tuesday
603,2015-06-03,20150603,201506,2015,2015Q2,Wednesday
604,2015-06-04,20150604,201506,2015,2015Q2,Thursday
605,2015-06-05,20150605,201506,2015,2015Q2,Friday
606,2015-06-06,20150606,201506,2015,2015Q2,Saturday
607,2015-06-07,20150607,201506,2015,2015Q2,Sunday
608,2015-06-08,20150608,201506,2015,2015Q2,Monday
609,2015-06-09,20150609,201506,2015,2015Q2,Tuesday
610,2015-06-10,20150610,201506,2015,2015Q2,Wednesday
611,2015-06-11,20150611,201506,2015,2015Q2,Thursday
612,2015-06-12,20150612,201506,2015,2015Q2,Friday
613,2015-06-13,20150613,201506,2015,2015Q2,Saturday
614,2015-06-14,20150614,201506,2015,2015Q2,Sunday
615,2015-06-15,20150615,201506,2015,2015Q2,Monday
616,2015-06-16,20150616,201506,2015,2015Q2,Tuesday
617,2015-06-17,20150617,201506,2015,2015Q2,Wednesday
618,2015-06-18,20150618,201506,2015,2015Q2,Thursday
619,2015-06-19,20150619,201506,2015,2015Q2,Friday
620,2015-06-20,20150620,201506,2015,2015Q2,Saturday
621,2015-06-21,20150621,201506,2015,2015Q2,Sunday
622,2015-06-22,20150622,201506,2015,2015Q2,Monday
623,2015-06-23,20150623,201506,2015,2015Q2,Tuesday
624,2015-06-24,20150624,201506,2015,2015Q2,Wednesday
625,2015-06-25,20150625,201506,2015,2015Q2,Thursday
626,2015-06-26,20150626,201506,2015,2015Q2,Friday
627,2015-06-27,20150627,201506,2015,2015Q2,Saturday
628,2015-06-28,20150628,201506,2015,2015Q2,Sunday
629,2015-06-29,20150629,201506,2015,2015Q2,Monday
630,2015-06-30,20150630,201506,2015,2015Q2,Tuesday
631,2015-07-01,20150701,201507,2015,2015Q3,Wednesday
632,2015-07-02,20150702,201507,2015,2015Q3,Thursday
633,2015-07-03,20150703,201507,2015,2015Q3,Friday
634,2015-07-04,20150704,201507,2015,2015Q3,Saturday
635,2015-07-05,20150705,201507,2015,2015Q3,Sunday
636,2015-07-06,20150706,201507,2015,2015Q3,Monday
637,2015-07-07,20150707,201507,2015,2015Q3,Tuesday
638,2015-07-08,20150708,201507,2015,2015Q3,Wednesday
639,2015-07-09,20150709,201507,2015,2015Q3,Thursday
640,2015-07-10,20150710,201507,2015,2015Q3,Friday
641,2015-07-11,20150711,201507,2015,2015Q3,Saturday
642,2015-07-12,20150712,201507,2015,2015Q3,Sunday
643,2015-07-13,20150713,201507,2015,2015Q3,Monday
644,2015-07-14,20150714,201507,2015,2015Q3,Tuesday
645,2015-07-15,20150715,201507,2015,2015Q3,Wednesday
646,2015-07-16,20150716,201507,2015,2015Q3,Thursday
647,2015-07-17,20150717,201507,2015,2015Q3,Friday
648,2015-07-18,20150718,201507,2015,2015Q3,Saturday
649,2015-07-19,20150719,201507,2015,2015Q3,Sunday
650,2015-07-20,20150720,201507,2015,2015Q3,Monday
651,2015-07-21,20150721,201507,2015,2015Q3,Tuesday
652,2015-07-22,20150722,201507,2015,2015Q3,Wednesday
653,2015-07-23,20150723,201507,2015,2015Q3,Thursday
654,2015-07-24,20150724,201507,2015,2015Q3,Friday
655,2015-07-25,20150725,201507,2015,2015Q3,Saturday
656,2015-07-26,20150726,201507,2015,2015Q3,Sunday
657,2015-07-27,20150727,201507,2015,2015Q3,Monday
658,2015-07-28,20150728,201507,2015,2015Q3,Tuesday
659,2015-07-29,20150729,201507,2015,2015Q3,Wednesday
660,2015-07-30,20150730,201507,2015,2015Q3,Thursday
661,2015-07-31,20150731,201507,2015,2015Q3,Friday
662,2015-08-01,20150801,201508,2015,2015Q3,Saturday
663,2015-08-02,20150802,201508,2015,2015Q3,Sunday
664,2015-08-03,20150803,201508,2015,2015Q3,Monday
665,2015-08-04,20150804,201508,2015,2015Q3,Tuesday
666,2015-08-05,20150805,201508,2015,2015Q3,Wednesday
667,2015-08-06,20150806,201508,2015,2015Q3,Thursday
668,2015-08-07,20150807,201508,2015,2015Q3,Friday
669,2015-08-08,20150808,201508,2015,2015Q3,Saturday
670,2015-08-09,20150809,201508,2015,2015Q3,Sunday
671,2015-08-10,20150810,201508,2015,2015Q3,Monday
672,2015-08-11,20150811,201508,2015,2015Q3,Tuesday
673,2015-08-12,20150812,201508,2015,2015Q3,Wednesday
674,2015-08-13,20150813,201508,2015,2015Q3,Thursday
675,2015-08-14,20150814,201508,2015,2015Q3,Friday
676,2015-08-15,20150815,201508,2015,2015Q3,Saturday
677,2015-08-16,20150816,201508,2015,2015Q3,Sunday
678,2015-08-17,20150817,201508,2015,2015Q3,Monday
679,2015-08-18,20150818,201508,2015,2015Q3,Tuesday
680,2015-08-19,20150819,201508,2015,2015Q3,Wednesday
681,2015-08-20,20150820,201508,2015,2015Q3,Thursday
682,2015-08-21,20150821,201508,2015,2015Q3,Friday
683,2015-08-22,20150822,201508,2015,2015Q3,Saturday
684,2015-08-23,20150823,201508,2015,2015Q3,Sunday
685,2015-08-24,20150824,201508,2015,2015Q3,Monday
686,2015-08-25,20150825,201508,2015,2015Q3,Tuesday
687,2015-08-26,20150826,201508,2015,2015Q3,Wednesday
688,2015-08-27,20150827,201508,2015,2015Q3,Thursday
689,2015-08-28,20150828,201508,2015,2015Q3,Friday
690,2015-08-29,20150829,201508,2015,2015Q3,Saturday
691,2015-08-30,20150830,201508,2015,2015Q3,Sunday
692,2015-08-31,20150831,201508,2015,2015Q3,Monday
693,2015-09-01,20150901,201509,2015,2015Q3,Tuesday
694,2015-09-02,20150902,201509,2015,2015Q3,Wednesday
695,2015-09-03,20150903,201509,2015,2015Q3,Thursday
696,2015-09-04,20150904,201509,2015,2015Q3,Friday
697,2015-09-05,20150905,201509,2015,2015Q3,Saturday
698,2015-09-06,20150906,201509,2015,2015Q3,Sunday
699,2015-09-07,20150907,201509,2015,2015Q3,Monday
700,2015-09-08,20150908,201509,2015,2015Q3,Tuesday
701,2015-09-09,20150909,201509,2015,2015Q3,Wednesday
702,2015-09-10,20150910,201509,2015,2015Q3,Thursday
703,2015-09-11,20150911,201509,2015,2015Q3,Friday
704,2015-09-12,20150912,201509,2015,2015Q3,Saturday
705,2015-09-13,20150913,201509,2015,2015Q3,Sunday
706,2015-09-14,20150914,201509,2015,2015Q3,Monday
707,2015-09-15,20150915,201509,2015,2015Q3,Tuesday
708,2015-09-16,20150916,201509,2015,2015Q3,Wednesday
709,2015-09-17,20150917,201509,2015,2015Q3,Thursday
710,2015-09-18,20150918,201509,2015,2015Q3,Friday
711,2015-09-19,20150919,201509,2015,2015Q3,Saturday
712,2015-09-20,20150920,201509,2015,2015Q3,Sunday
713,2015-09-21,20150921,201509,2015,2015Q3,Monday
714,2015-09-22,20150922,201509,2015,2015Q3,Tuesday
715,2015-09-23,20150923,201509,2015,2015Q3,Wednesday
716,2015-09-24,20150924,201509,2015,2015Q3,Thursday
717,2015-09-25,20150925,201509,2015,2015Q3,Friday
718,2015-09-26,20150926,201509,2015,2015Q3,Saturday
719,2015-09-27,20150927,201509,2015,2015Q3,Sunday
720,2015-09-28,20150928,201509,2015,2015Q3,Monday
721,2015-09-29,20150929,201509,2015,2015Q3,Tuesday
722,2015-09-30,20150930,201509,2015,2015Q3,Wednesday
723,2015-10-01,20151001,201510,2015,2015Q4,Thursday
724,2015-10-02,20151002,201510,2015,2015Q4,Friday
725,2015-10-03,20151003,201510,2015,2015Q4,Saturday
726,2015-10-04,20151004,201510,2015,2015Q4,Sunday
727,2015-10-05,20151005,201510,2015,2015Q4,Monday
728,2015-10-06,20151006,201510,2015,2015Q4,Tuesday
729,2015-10-07,20151007,201510,2015,2015Q4,Wednesday
730,2015-10-08,20151008,201510,2015,2015Q4,Thursday
731,2015-10-09,20151009,201510,2015,2015Q4,Friday
732,2015-10-10,20151010,201510,2015,2015Q4,Saturday
733,2015-10-11,20151011,201510,2015,2015Q4,Sunday
734,2015-10-12,20151012,201510,2015,2015Q4,Monday
735,2015-10-13,20151013,201510,2015,2015Q4,Tuesday
736,2015-10-14,20151014,201510,2015,2015Q4,Wednesday
737,2015-10-15,20151015,201510,2015,2015Q4,Thursday
738,2015-10-16,20151016,201510,2015,2015Q4,Friday
739,2015-10-17,20151017,201510,2015,2015Q4,Saturday
740,2015-10-18,20151018,201510,2015,2015Q4,Sunday
741,2015-10-19,20151019,201510,2015,2015Q4,Monday
742,2015-10-20,20151020,201510,2015,2015Q4,Tuesday
743,2015-10-21,20151021,201510,2015,2015Q4,Wednesday
744,2015-10-22,20151022,201510,2015,2015Q4,Thursday
745,2015-10-23,20151023,201510,2015,2015Q4,Friday
746,2015-10-24,20151024,201510,2015,2015Q4,Saturday
747,2015-10-25,20151025,201510,2015,2015Q4,Sunday
748,2015-10-26,20151026,201510,2015,2015Q4,Monday
749,2015-10-27,20151027,201510,2015,2015Q4,Tuesday
750,2015-10-28,20151028,201510,2015,2015Q4,Wednesday
751,2015-10-29,20151029,201510,2015,2015Q4,Thursday
752,2015-10-30,20151030,201510,2015,2015Q4,Friday
753,2015-10-31,20151031,201510,2015,2015Q4,Saturday
754,2015-11-01,20151101,201511,2015,2015Q4,Sunday
755,2015-11-02,20151102,201511,2015,2015Q4,Monday
756,2015-11-03,20151103,201511,2015,2015Q4,Tuesday
757,2015-11-04,20151104,201511,2015,2015Q4,Wednesday
758,2015-11-05,20151105,201511,2015,2015Q4,Thursday
759,2015-11-06,20151106,201511,2015,2015Q4,Friday
760,2015-11-07,20151107,201511,2015,2015Q4,Saturday
761,2015-11-08,20151108,201511,2015,2015Q4,Sunday
762,2015-11-09,20151109,201511,2015,2015Q4,Monday
763,2015-11-10,20151110,201511,2015,2015Q4,Tuesday
764,2015-11-11,20151111,201511,2015,2015Q4,Wednesday
765,2015-11-12,20151112,201511,2015,2015Q4,Thursday
766,2015-11-13,20151113,201511,2015,2015Q4,Friday
767,2015-11-14,20151114,201511,2015,2015Q4,Saturday
768,2015-11-15,20151115,201511,2015,2015Q4,Sunday
769,2015-11-16,20151116,201511,2015,2015Q4,Monday
770,2015-11-17,20151117,201511,2015,2015Q4,Tuesday
771,2015-11-18,20151118,201511,2015,2015Q4,Wednesday
772,2015-11-19,20151119,201511,2015,2015Q4,Thursday
773,2015-11-20,20151120,201511,2015,2015Q4,Friday
774,2015-11-21,20151121,201511,2015,2015Q4,Saturday
775,2015-11-22,20151122,201511,2015,2015Q4,Sunday
776,2015-11-23,20151123,201511,2015,2015Q4,Monday
777,2015-11-24,20151124,201511,2015,2015Q4,Tuesday
778,2015-11-25,20151125,201511,2015,2015Q4,Wednesday
779,2015-11-26,20151126,201511,2015,2015Q4,Thursday
780,2015-11-27,20151127,201511,2015,2015Q4,Friday
781,2015-11-28,20151128,201511,2015,2015Q4,Saturday
782,2015-11-29,20151129,201511,2015,2015Q4,Sunday
783,2015-11-30,20151130,201511,2015,2015Q4,Monday
784,2015-12-01,20151201,201512,2015,2015Q4,Tuesday
785,2015-12-02,20151202,201512,2015,2015Q4,Wednesday
786,2015-12-03,20151203,201512,2015,2015Q4,Thursday
787,2015-12-04,20151204,201512,2015,2015Q4,Friday
788,2015-12-05,20151205,201512,2015,2015Q4,Saturday
789,2015-12-06,20151206,201512,2015,2015Q4,Sunday
790,2015-12-07,20151207,201512,2015,2015Q4,Monday
791,2015-12-08,20151208,201512,2015,2015Q4,Tuesday
792,2015-12-09,20151209,201512,2015,2015Q4,Wednesday
793,2015-12-10,20151210,201512,2015,2015Q4,Thursday
794,2015-12-11,20151211,201512,2015,2015Q4,Friday
795,2015-12-12,20151212,201512,2015,2015Q4,Saturday
796,2015-12-13,20151213,201512,2015,2015Q4,Sunday
797,2015-12-14,20151214,201512,2015,2015Q4,Monday
798,2015-12-15,20151215,201512,2015,2015Q4,Tuesday
799,2015-12-16,20151216,201512,2015,2015Q4,Wednesday
800,2015-12-17,20151217,201512,2015,2015Q4,Thursday
801,2015-12-18,20151218,201512,2015,2015Q4,Friday
802,2015-12-19,20151219,201512,2015,2015Q4,Saturday
803,2015-12-20,20151220,201512,2015,2015Q4,Sunday
804,2015-12-21,20151221,201512,2015,2015Q4,Monday
805,2015-12-22,20151222,201512,2015,2015Q4,Tuesday
806,2015-12-23,20151223,201512,2015,2015Q4,Wednesday
807,2015-12-24,20151224,201512,2015,2015Q4,Thursday
808,2015-12-25,20151225,201512,2015,2015Q4,Friday
809,2015-12-26,20151226,201512,2015,2015Q4,Saturday
810,2015-12-27,20151227,201512,2015,2015Q4,Sunday
811,2015-12-28,20151228,201512,2015,2015Q4,Monday
812,2015-12-29,20151229,201512,2015,2015Q4,Tuesday
813,2015-12-30,20151230,201512,2015,2015Q4,Wednesday
814,2015-12-31,20151231,201512,2015,2015Q4,Thursday
815,2016-01-01,20160101,201601,2016,2016Q1,Friday
816,2016-01-02,20160102,201601,2016,2016Q1,Saturday
817,2016-01-03,20160103,201601,2016,2016Q1,Sunday
818,2016-01-04,20160104,201601,2016,2016Q1,Monday
819,2016-01-05,20160105,201601,2016,2016Q1,Tuesday
820,2016-01-06,20160106,201601,2016,2016Q1,Wednesday
821,2016-01-07,20160107,201601,2016,2016Q1,Thursday
822,2016-01-08,20160108,201601,2016,2016Q1,Friday
823,2016-01-09,20160109,201601,2016,2016Q1,Saturday
824,2016-01-10,20160110,201601,2016,2016Q1,Sunday
825,2016-01-11,20160111,201601,2016,2016Q1,Monday
826,2016-01-12,20160112,201601,2016,2016Q1,Tuesday
827,2016-01-13,20160113,201601,2016,2016Q1,Wednesday
828,2016-01-14,20160114,201601,2016,2016Q1,Thursday
829,2016-01-15,20160115,201601,2016,2016Q1,Friday
830,2016-01-16,20160116,201601,2016,2016Q1,Saturday
831,2016-01-17,20160117,201601,2016,2016Q1,Sunday
832,2016-01-18,20160118,201601,2016,2016Q1,Monday
833,2016-01-19,20160119,201601,2016,2016Q1,Tuesday
834,2016-01-20,20160120,201601,2016,2016Q1,Wednesday
835,2016-01-21,20160121,201601,2016,2016Q1,Thursday
836,2016-01-22,20160122,201601,2016,2016Q1,Friday
837,2016-01-23,20160123,201601,2016,2016Q1,Saturday
838,2016-01-24,20160124,201601,2016,2016Q1,Sunday
839,2016-01-25,20160125,201601,2016,2016Q1,Monday
840,2016-01-26,20160126,201601,2016,2016Q1,Tuesday
841,2016-01-27,20160127,201601,2016,2016Q1,Wednesday
842,2016-01-28,20160128,201601,2016,2016Q1,Thursday
843,2016-01-29,20160129,201601,2016,2016Q1,Friday
844,2016-01-30,20160130,201601,2016,2016Q1,Saturday
845,2016-01-31,20160131,201601,2016,2016Q1,Sunday
846,2016-02-01,20160201,201602,2016,2016Q1,Monday
847,2016-02-02,20160202,201602,2016,2016Q1,Tuesday
848,2016-02-03,20160203,201602,2016,2016Q1,Wednesday
849,2016-02-04,20160204,201602,2016,2016Q1,Thursday
850,2016-02-05,20160205,201602,2016,2016Q1,Friday
851,2016-02-06,20160206,201602,2016,2016Q1,Saturday
852,2016-02-07,20160207,201602,2016,2016Q1,Sunday
853,2016-02-08,20160208,201602,2016,2016Q1,Monday
854,2016-02-09,20160209,201602,2016,2016Q1,Tuesday
855,2016-02-10,20160210,201602,2016,2016Q1,Wednesday
856,2016-02-11,20160211,201602,2016,2016Q1,Thursday
857,2016-02-12,20160212,201602,2016,2016Q1,Friday
858,2016-02-13,20160213,201602,2016,2016Q1,Saturday
859,2016-02-14,20160214,201602,2016,2016Q1,Sunday
860,2016-02-15,20160215,201602,2016,2016Q1,Monday
861,2016-02-16,20160216,201602,2016,2016Q1,Tuesday
862,2016-02-17,20160217,201602,2016,2016Q1,Wednesday
863,2016-02-18,20160218,201602,2016,2016Q1,Thursday
864,2016-02-19,20160219,201602,2016,2016Q1,Friday
865,2016-02-20,20160220,201602,2016,2016Q1,Saturday
866,2016-02-21,20160221,201602,2016,2016Q1,Sunday
867,2016-02-22,20160222,201602,2016,2016Q1,Monday
868,2016-02-23,20160223,201602,2016,2016Q1,Tuesday
869,2016-02-24,20160224,201602,2016,2016Q1,Wednesday
870,2016-02-25,20160225,201602,2016,2016Q1,Thursday
871,2016-02-26,20160226,201602,2016,2016Q1,Friday
872,2016-02-27,20160227,201602,2016,2016Q1,Saturday
873,2016-02-28,20160228,201602,2016,2016Q1,Sunday
874,2016-02-29,20160229,201602,2016,2016Q1,Monday
875,2016-03-01,20160301,201603,2016,2016Q1,Tuesday
876,2016-03-02,20160302,201603,2016,2016Q1,Wednesday
877,2016-03-03,20160303,201603,2016,2016Q1,Thursday
878,2016-03-04,20160304,201603,2016,2016Q1,Friday
879,2016-03-05,20160305,201603,2016,2016Q1,Saturday
880,2016-03-06,20160306,201603,2016,2016Q1,Sunday
881,2016-03-07,20160307,201603,2016,2016Q1,Monday
882,2016-03-08,20160308,201603,2016,2016Q1,Tuesday
883,2016-03-09,20160309,201603,2016,2016Q1,Wednesday
884,2016-03-10,20160310,201603,2016,2016Q1,Thursday
885,2016-03-11,20160311,201603,2016,2016Q1,Friday
886,2016-03-12,20160312,201603,2016,2016Q1,Saturday
887,2016-03-13,20160313,201603,2016,2016Q1,Sunday
888,2016-03-14,20160314,201603,2016,2016Q1,Monday
889,2016-03-15,20160315,201603,2016,2016Q1,Tuesday
890,2016-03-16,20160316,201603,2016,2016Q1,Wednesday
891,2016-03-17,20160317,201603,2016,2016Q1,Thursday
892,2016-03-18,20160318,201603,2016,2016Q1,Friday
893,2016-03-19,20160319,201603,2016,2016Q1,Saturday
894,2016-03-20,20160320,201603,2016,2016Q1,Sunday
895,2016-03-21,20160321,201603,2016,2016Q1,Monday
896,2016-03-22,20160322,201603,2016,2016Q1,Tuesday
897,2016-03-23,20160323,201603,2016,2016Q1,Wednesday
898,2016-03-24,20160324,201603,2016,2016Q1,Thursday
899,2016-03-25,20160325,201603,2016,2016Q1,Friday
900,2016-03-26,20160326,201603,2016,2016Q1,Saturday
901,2016-03-27,20160327,201603,2016,2016Q1,Sunday
902,2016-03-28,20160328,201603,2016,2016Q1,Monday
903,2016-03-29,20160329,201603,2016,2016Q1,Tuesday
904,2016-03-30,20160330,201603,2016,2016Q1,Wednesday
905,2016-03-31,20160331,201603,2016,2016Q1,Thursday
906,2016-04-01,20160401,201604,2016,2016Q2,Friday
907,2016-04-02,20160402,201604,2016,2016Q2,Saturday
908,2016-04-03,20160403,201604,2016,2016Q2,Sunday
909,2016-04-04,20160404,201604,2016,2016Q2,Monday
910,2016-04-05,20160405,201604,2016,2016Q2,Tuesday
911,2016-04-06,20160406,201604,2016,2016Q2,Wednesday
912,2016-04-07,20160407,201604,2016,2016Q2,Thursday
913,2016-04-08,20160408,201604,2016,2016Q2,Friday
914,2016-04-09,20160409,201604,2016,2016Q2,Saturday
915,2016-04-10,20160410,201604,2016,2016Q2,Sunday
916,2016-04-11,20160411,201604,2016,2016Q2,Monday
917,2016-04-12,20160412,201604,2016,2016Q2,Tuesday
918,2016-04-13,20160413,201604,2016,2016Q2,Wednesday
919,2016-04-14,20160414,201604,2016,2016Q2,Thursday
920,2016-04-15,20160415,201604,2016,2016Q2,Friday
921,2016-04-16,20160416,201604,2016,2016Q2,Saturday
922,2016-04-17,20160417,201604,2016,2016Q2,Sunday
923,2016-04-18,20160418,201604,2016,2016Q2,Monday
924,2016-04-19,20160419,201604,2016,2016Q2,Tuesday
925,2016-04-20,20160420,201604,2016,2016Q2,Wednesday
926,2016-04-21,20160421,201604,2016,2016Q2,Thursday
927,2016-04-22,20160422,201604,2016,2016Q2,Friday
928,2016-04-23,20160423,201604,2016,2016Q2,Saturday
929,2016-04-24,20160424,201604,2016,2016Q2,Sunday
930,2016-04-25,20160425,201604,2016,2016Q2,Monday
931,2016-04-26,20160426,201604,2016,2016Q2,Tuesday
932,2016-04-27,20160427,201604,2016,2016Q2,Wednesday
933,2016-04-28,20160428,201604,2016,2016Q2,Thursday
934,2016-04-29,20160429,201604,2016,2016Q2,Friday
935,2016-04-30,20160430,201604,2016,2016Q2,Saturday
936,2016-05-01,20160501,201605,2016,2016Q2,Sunday
937,2016-05-02,20160502,201605,2016,2016Q2,Monday
938,2016-05-03,20160503,201605,2016,2016Q2,Tuesday
939,2016-05-04,20160504,201605,2016,2016Q2,Wednesday
940,2016-05-05,20160505,201605,2016,2016Q2,Thursday
941,2016-05-06,20160506,201605,2016,2016Q2,Friday
942,2016-05-07,20160507,201605,2016,2016Q2,Saturday
943,2016-05-08,20160508,201605,2016,2016Q2,Sunday
944,2016-05-09,20160509,201605,2016,2016Q2,Monday
945,2016-05-10,20160510,201605,2016,2016Q2,Tuesday
946,2016-05-11,20160511,201605,2016,2016Q2,Wednesday
947,2016-05-12,20160512,201605,2016,2016Q2,Thursday
948,2016-05-13,20160513,201605,2016,2016Q2,Friday
949,2016-05-14,20160514,201605,2016,2016Q2,Saturday
950,2016-05-15,20160515,201605,2016,2016Q2,Sunday
951,2016-05-16,20160516,201605,2016,2016Q2,Monday
952,2016-05-17,20160517,201605,2016,2016Q2,Tuesday
953,2016-05-18,20160518,201605,2016,2016Q2,Wednesday
954,2016-05-19,20160519,201605,2016,2016Q2,Thursday
955,2016-05-20,20160520,201605,2016,2016Q2,Friday
956,2016-05-21,20160521,201605,2016,2016Q2,Saturday
957,2016-05-22,20160522,201605,2016,2016Q2,Sunday
958,2016-05-23,20160523,201605,2016,2016Q2,Monday
959,2016-05-24,20160524,201605,2016,2016Q2,Tuesday
960,2016-05-25,20160525,201605,2016,2016Q2,Wednesday
961,2016-05-26,20160526,201605,2016,2016Q2,Thursday
962,2016-05-27,20160527,201605,2016,2016Q2,Friday
963,2016-05-28,20160528,201605,2016,2016Q2,Saturday
964,2016-05-29,20160529,201605,2016,2016Q2,Sunday
965,2016-05-30,20160530,201605,2016,2016Q2,Monday
966,2016-05-31,20160531,201605,2016,2016Q2,Tuesday
967,2016-06-01,20160601,201606,2016,2016Q2,Wednesday
968,2016-06-02,20160602,201606,2016,2016Q2,Thursday
969,2016-06-03,20160603,201606,2016,2016Q2,Friday
970,2016-06-04,20160604,201606,2016,2016Q2,Saturday
971,2016-06-05,20160605,201606,2016,2016Q2,Sunday
972,2016-06-06,20160606,201606,2016,2016Q2,Monday
973,2016-06-07,20160607,201606,2016,2016Q2,Tuesday
974,2016-06-08,20160608,201606,2016,2016Q2,Wednesday
975,2016-06-09,20160609,201606,2016,2016Q2,Thursday
976,2016-06-10,20160610,201606,2016,2016Q2,Friday
977,2016-06-11,20160611,201606,2016,2016Q2,Saturday
978,2016-06-12,20160612,201606,2016,2016Q2,Sunday
979,2016-06-13,20160613,201606,2016,2016Q2,Monday
980,2016-06-14,20160614,201606,2016,2016Q2,Tuesday
981,2016-06-15,20160615,201606,2016,2016Q2,Wednesday
982,2016-06-16,20160616,201606,2016,2016Q2,Thursday
983,2016-06-18,20160618,201606,2016,2016Q2,Saturday
984,2016-06-19,20160619,201606,2016,2016Q2,Sunday
985,2016-06-20,20160620,201606,2016,2016Q2,Monday
986,2016-06-21,20160621,201606,2016,2016Q2,Tuesday
987,2016-06-22,20160622,201606,2016,2016Q2,Wednesday
988,2016-06-23,20160623,201606,2016,2016Q2,Thursday
989,2016-06-24,20160624,201606,2016,2016Q2,Friday
990,2016-06-25,20160625,201606,2016,2016Q2,Saturday
991,2016-06-26,20160626,201606,2016,2016Q2,Sunday
992,2016-06-27,20160627,201606,2016,2016Q2,Monday
993,2016-06-28,20160628,201606,2016,2016Q2,Tuesday
994,2016-06-29,20160629,201606,2016,2016Q2,Wednesday
995,2016-06-30,20160630,201606,2016,2016Q2,Thursday
996,2016-07-01,20160701,201607,2016,2016Q3,Friday
997,2016-07-02,20160702,201607,2016,2016Q3,Saturday
998,2016-07-03,20160703,201607,2016,2016Q3,Sunday
999,2016-07-04,20160704,201607,2016,2016Q3,Monday
1000,2016-07-05,20160705,201607,2016,2016Q3,Tuesday
1001,2016-07-06,20160706,201607,2016,2016Q3,Wednesday
1002,2016-07-07,20160707,201607,2016,2016Q3,Thursday
1003,2016-07-08,20160708,201607,2016,2016Q3,Friday
1004,2016-07-09,20160709,201607,2016,2016Q3,Saturday
1005,2016-07-10,20160710,201607,2016,2016Q3,Sunday
1006,2016-07-11,20160711,201607,2016,2016Q3,Monday
1007,2016-07-12,20160712,201607,2016,2016Q3,Tuesday
1008,2016-07-13,20160713,201607,2016,2016Q3,Wednesday
1009,2016-07-14,20160714,201607,2016,2016Q3,Thursday
1010,2016-07-15,20160715,201607,2016,2016Q3,Friday
1011,2016-07-16,20160716,201607,2016,2016Q3,Saturday
1012,2016-07-17,20160717,201607,2016,2016Q3,Sunday
1013,2016-07-18,20160718,201607,2016,2016Q3,Monday
1014,2016-07-19,20160719,201607,2016,2016Q3,Tuesday
1015,2016-07-20,20160720,201607,2016,2016Q3,Wednesday
1016,2016-07-21,20160721,201607,2016,2016Q3,Thursday
1017,2016-07-22,20160722,201607,2016,2016Q3,Friday
1018,2016-07-23,20160723,201607,2016,2016Q3,Saturday
1019,2016-07-24,20160724,201607,2016,2016Q3,Sunday
1020,2016-07-25,20160725,201607,2016,2016Q3,Monday
1021,2016-07-26,20160726,201607,2016,2016Q3,Tuesday
1022,2016-07-27,20160727,201607,2016,2016Q3,Wednesday
1023,2016-07-28,20160728,201607,2016,2016Q3,Thursday
1024,2016-07-29,20160729,201607,2016,2016Q3,Friday
1025,2016-07-30,20160730,201607,2016,2016Q3,Saturday
1026,2016-07-31,20160731,201607,2016,2016Q3,Sunday
1027,2016-08-01,20160801,201608,2016,2016Q3,Monday
1028,2016-08-02,20160802,201608,2016,2016Q3,Tuesday
1029,2016-08-03,20160803,201608,2016,2016Q3,Wednesday
1030,2016-08-04,20160804,201608,2016,2016Q3,Thursday
1031,2016-08-05,20160805,201608,2016,2016Q3,Friday
1032,2016-08-06,20160806,201608,2016,2016Q3,Saturday
1033,2016-08-07,20160807,201608,2016,2016Q3,Sunday
1034,2016-08-08,20160808,201608,2016,2016Q3,Monday
1035,2016-08-09,20160809,201608,2016,2016Q3,Tuesday
1036,2016-08-10,20160810,201608,2016,2016Q3,Wednesday
1037,2016-08-11,20160811,201608,2016,2016Q3,Thursday
1038,2016-08-12,20160812,201608,2016,2016Q3,Friday
1039,2016-08-13,20160813,201608,2016,2016Q3,Saturday
1040,2016-08-14,20160814,201608,2016,2016Q3,Sunday
1041,2016-08-15,20160815,201608,2016,2016Q3,Monday
1042,2016-08-16,20160816,201608,2016,2016Q3,Tuesday
1043,2016-08-17,20160817,201608,2016,2016Q3,Wednesday
1044,2016-08-18,20160818,201608,2016,2016Q3,Thursday
1045,2016-08-19,20160819,201608,2016,2016Q3,Friday
1046,2016-08-20,20160820,201608,2016,2016Q3,Saturday
1047,2016-08-21,20160821,201608,2016,2016Q3,Sunday
1048,2016-08-22,20160822,201608,2016,2016Q3,Monday
1049,2016-08-23,20160823,201608,2016,2016Q3,Tuesday
1050,2016-08-24,20160824,201608,2016,2016Q3,Wednesday
1051,2016-08-25,20160825,201608,2016,2016Q3,Thursday
1052,2016-08-26,20160826,201608,2016,2016Q3,Friday
1053,2016-08-27,20160827,201608,2016,2016Q3,Saturday
1054,2016-08-28,20160828,201608,2016,2016Q3,Sunday
1055,2016-08-29,20160829,201608,2016,2016Q3,Monday
1056,2016-08-30,20160830,201608,2016,2016Q3,Tuesday
1057,2016-08-31,20160831,201608,2016,2016Q3,Wednesday
1058,2016-09-01,20160901,201609,2016,2016Q3,Thursday
1059,2016-09-02,20160902,201609,2016,2016Q3,Friday
1060,2016-09-03,20160903,201609,2016,2016Q3,Saturday
1061,2016-09-04,20160904,201609,2016,2016Q3,Sunday
1062,2016-09-05,20160905,201609,2016,2016Q3,Monday
1063,2016-09-06,20160906,201609,2016,2016Q3,Tuesday
1064,2016-09-07,20160907,201609,2016,2016Q3,Wednesday
1065,2016-09-08,20160908,201609,2016,2016Q3,Thursday
1066,2016-09-09,20160909,201609,2016,2016Q3,Friday
1067,2016-09-10,20160910,201609,2016,2016Q3,Saturday
1068,2016-09-11,20160911,201609,2016,2016Q3,Sunday
1069,2016-09-12,20160912,201609,2016,2016Q3,Monday
1070,2016-09-13,20160913,201609,2016,2016Q3,Tuesday
1071,2016-09-14,20160914,201609,2016,2016Q3,Wednesday
1072,2016-09-15,20160915,201609,2016,2016Q3,Thursday
1073,2016-09-16,20160916,201609,2016,2016Q3,Friday
1074,2016-09-17,20160917,201609,2016,2016Q3,Saturday
1075,2016-09-18,20160918,201609,2016,2016Q3,Sunday
1076,2016-09-19,20160919,201609,2016,2016Q3,Monday
1077,2016-09-20,20160920,201609,2016,2016Q3,Tuesday
1078,2016-09-21,20160921,201609,2016,2016Q3,Wednesday
1079,2016-09-22,20160922,201609,2016,2016Q3,Thursday
1080,2016-09-23,20160923,201609,2016,2016Q3,Friday
1081,2016-09-24,20160924,201609,2016,2016Q3,Saturday
1082,2016-09-25,20160925,201609,2016,2016Q3,Sunday
1083,2016-09-26,20160926,201609,2016,2016Q3,Monday
1084,2016-09-27,20160927,201609,2016,2016Q3,Tuesday
1085,2016-09-28,20160928,201609,2016,2016Q3,Wednesday
1086,2016-09-29,20160929,201609,2016,2016Q3,Thursday
1087,2016-09-30,20160930,201609,2016,2016Q3,Friday
1088,2016-10-01,20161001,201610,2016,2016Q4,Saturday
1089,2016-10-02,20161002,201610,2016,2016Q4,Sunday
1090,2016-10-03,20161003,201610,2016,2016Q4,Monday
1091,2016-10-04,20161004,201610,2016,2016Q4,Tuesday
1092,2016-10-05,20161005,201610,2016,2016Q4,Wednesday
1093,2016-10-06,20161006,201610,2016,2016Q4,Thursday
1094,2016-10-07,20161007,201610,2016,2016Q4,Friday
1095,2016-10-08,20161008,201610,2016,2016Q4,Saturday
1096,2016-10-09,20161009,201610,2016,2016Q4,Sunday
1097,2016-10-10,20161010,201610,2016,2016Q4,Monday
1098,2016-10-11,20161011,201610,2016,2016Q4,Tuesday
1099,2016-10-12,20161012,201610,2016,2016Q4,Wednesday
1100,2016-10-13,20161013,201610,2016,2016Q4,Thursday
1101,2016-10-14,20161014,201610,2016,2016Q4,Friday
1102,2016-10-15,20161015,201610,2016,2016Q4,Saturday
1103,2016-10-16,20161016,201610,2016,2016Q4,Sunday
1104,2016-10-17,20161017,201610,2016,2016Q4,Monday
1105,2016-10-18,20161018,201610,2016,2016Q4,Tuesday
1106,2016-10-19,20161019,201610,2016,2016Q4,Wednesday
1107,2016-10-20,20161020,201610,2016,2016Q4,Thursday
1108,2016-10-21,20161021,201610,2016,2016Q4,Friday
1109,2016-10-22,20161022,201610,2016,2016Q4,Saturday
1110,2016-10-23,20161023,201610,2016,2016Q4,Sunday
1111,2016-10-24,20161024,201610,2016,2016Q4,Monday
1112,2016-10-25,20161025,201610,2016,2016Q4,Tuesday
1113,2016-10-26,20161026,201610,2016,2016Q4,Wednesday
1114,2016-10-27,20161027,201610,2016,2016Q4,Thursday
1115,2016-10-28,20161028,201610,2016,2016Q4,Friday
1116,2016-10-29,20161029,201610,2016,2016Q4,Saturday
1117,2016-10-30,20161030,201610,2016,2016Q4,Sunday
1118,2016-10-31,20161031,201610,2016,2016Q4,Monday
1119,2016-11-01,20161101,201611,2016,2016Q4,Tuesday
1120,2016-11-02,20161102,201611,2016,2016Q4,Wednesday
1121,2016-11-03,20161103,201611,2016,2016Q4,Thursday
1122,2016-11-04,20161104,201611,2016,2016Q4,Friday
1123,2016-11-05,20161105,201611,2016,2016Q4,Saturday
1124,2016-11-06,20161106,201611,2016,2016Q4,Sunday
1125,2016-11-07,20161107,201611,2016,2016Q4,Monday
1126,2016-11-08,20161108,201611,2016,2016Q4,Tuesday
1127,2016-11-09,20161109,201611,2016,2016Q4,Wednesday
1128,2016-11-10,20161110,201611,2016,2016Q4,Thursday
1129,2016-11-11,20161111,201611,2016,2016Q4,Friday
1130,2016-11-12,20161112,201611,2016,2016Q4,Saturday
1131,2016-11-13,20161113,201611,2016,2016Q4,Sunday
1132,2016-11-14,20161114,201611,2016,2016Q4,Monday
1133,2016-11-15,20161115,201611,2016,2016Q4,Tuesday
1134,2016-11-16,20161116,201611,2016,2016Q4,Wednesday
1135,2016-11-17,20161117,201611,2016,2016Q4,Thursday
1136,2016-11-18,20161118,201611,2016,2016Q4,Friday
1137,2016-11-19,20161119,201611,2016,2016Q4,Saturday
1138,2016-11-20,20161120,201611,2016,2016Q4,Sunday
1139,2016-11-21,20161121,201611,2016,2016Q4,Monday
1140,2016-11-22,20161122,201611,2016,2016Q4,Tuesday
1141,2016-11-23,20161123,201611,2016,2016Q4,Wednesday
1142,2016-11-24,20161124,201611,2016,2016Q4,Thursday
1143,2016-11-25,20161125,201611,2016,2016Q4,Friday
1144,2016-11-26,20161126,201611,2016,2016Q4,Saturday
1145,2016-11-27,20161127,201611,2016,2016Q4,Sunday
1146,2016-11-28,20161128,201611,2016,2016Q4,Monday
1147,2016-11-29,20161129,201611,2016,2016Q4,Tuesday
1148,2016-11-30,20161130,201611,2016,2016Q4,Wednesday
1149,2016-12-01,20161201,201612,2016,2016Q4,Thursday
1150,2016-12-02,20161202,201612,2016,2016Q4,Friday
1151,2016-12-03,20161203,201612,2016,2016Q4,Saturday
1152,2016-12-04,20161204,201612,2016,2016Q4,Sunday
1153,2016-12-05,20161205,201612,2016,2016Q4,Monday
1154,2016-12-06,20161206,201612,2016,2016Q4,Tuesday
1155,2016-12-07,20161207,201612,2016,2016Q4,Wednesday
1156,2016-12-08,20161208,201612,2016,2016Q4,Thursday
1157,2016-12-09,20161209,201612,2016,2016Q4,Friday
1158,2016-12-10,20161210,201612,2016,2016Q4,Saturday
1159,2016-12-11,20161211,201612,2016,2016Q4,Sunday
1160,2016-12-12,20161212,201612,2016,2016Q4,Monday
1161,2016-12-13,20161213,201612,2016,2016Q4,Tuesday
1162,2016-12-14,20161214,201612,2016,2016Q4,Wednesday
1163,2016-12-15,20161215,201612,2016,2016Q4,Thursday
1164,2016-12-16,20161216,201612,2016,2016Q4,Friday
1165,2016-12-17,20161217,201612,2016,2016Q4,Saturday
1166,2016-12-18,20161218,201612,2016,2016Q4,Sunday
1167,2016-12-19,20161219,201612,2016,2016Q4,Monday
1168,2016-12-20,20161220,201612,2016,2016Q4,Tuesday
1169,2016-12-21,20161221,201612,2016,2016Q4,Wednesday
1170,2016-12-22,20161222,201612,2016,2016Q4,Thursday
1171,2016-12-23,20161223,201612,2016,2016Q4,Friday
1172,2016-12-24,20161224,201612,2016,2016Q4,Saturday
1173,2016-12-25,20161225,201612,2016,2016Q4,Sunday
1174,2016-12-26,20161226,201612,2016,2016Q4,Monday
1175,2016-12-27,20161227,201612,2016,2016Q4,Tuesday
1176,2016-12-28,20161228,201612,2016,2016Q4,Wednesday
1177,2016-12-29,20161229,201612,2016,2016Q4,Thursday
1178,2016-12-30,20161230,201612,2016,2016Q4,Friday
1179,2016-12-31,20161231,201612,2016,2016Q4,Saturday
1180,2017-01-01,20170101,201701,2017,2017Q1,Sunday
1181,2017-01-02,20170102,201701,2017,2017Q1,Monday
1182,2017-01-03,20170103,201701,2017,2017Q1,Tuesday
1183,2017-01-04,20170104,201701,2017,2017Q1,Wednesday
1184,2017-01-05,20170105,201701,2017,2017Q1,Thursday
1185,2017-01-06,20170106,201701,2017,2017Q1,Friday
1186,2017-01-07,20170107,201701,2017,2017Q1,Saturday
1187,2017-01-08,20170108,201701,2017,2017Q1,Sunday
1188,2017-01-09,20170109,201701,2017,2017Q1,Monday
1189,2017-01-10,20170110,201701,2017,2017Q1,Tuesday
1190,2017-01-11,20170111,201701,2017,2017Q1,Wednesday
1191,2017-01-12,20170112,201701,2017,2017Q1,Thursday
1192,2017-01-13,20170113,201701,2017,2017Q1,Friday
1193,2017-01-14,20170114,201701,2017,2017Q1,Saturday
1194,2017-01-15,20170115,201701,2017,2017Q1,Sunday
1195,2017-01-16,20170116,201701,2017,2017Q1,Monday
1196,2017-01-17,20170117,201701,2017,2017Q1,Tuesday
1197,2017-01-18,20170118,201701,2017,2017Q1,Wednesday
1198,2017-01-19,20170119,201701,2017,2017Q1,Thursday
1199,2017-01-20,20170120,201701,2017,2017Q1,Friday
1200,2017-01-21,20170121,201701,2017,2017Q1,Saturday
1201,2017-01-22,20170122,201701,2017,2017Q1,Sunday
1202,2017-01-23,20170123,201701,2017,2017Q1,Monday
1203,2017-01-25,20170125,201701,2017,2017Q1,Wednesday
1204,2017-01-26,20170126,201701,2017,2017Q1,Thursday
1205,2017-01-27,20170127,201701,2017,2017Q1,Friday
1206,2017-01-28,20170128,201701,2017,2017Q1,Saturday
1207,2017-01-29,20170129,201701,2017,2017Q1,Sunday
1208,2017-01-30,20170130,201701,2017,2017Q1,Monday
1209,2017-01-31,20170131,201701,2017,2017Q1,Tuesday
1210,2017-02-01,20170201,201702,2017,2017Q1,Wednesday
1211,2017-02-02,20170202,201702,2017,2017Q1,Thursday
1212,2017-02-03,20170203,201702,2017,2017Q1,Friday
1213,2017-02-04,20170204,201702,2017,2017Q1,Saturday
1214,2017-02-05,20170205,201702,2017,2017Q1,Sunday
1215,2017-02-06,20170206,201702,2017,2017Q1,Monday
1216,2017-02-07,20170207,201702,2017,2017Q1,Tuesday
1217,2017-02-08,20170208,201702,2017,2017Q1,Wednesday
1218,2017-02-09,20170209,201702,2017,2017Q1,Thursday
1219,2017-02-10,20170210,201702,2017,2017Q1,Friday
1220,2017-02-11,20170211,201702,2017,2017Q1,Saturday
1221,2017-02-12,20170212,201702,2017,2017Q1,Sunday
1222,2017-02-13,20170213,201702,2017,2017Q1,Monday
1223,2017-02-14,20170214,201702,2017,2017Q1,Tuesday
1224,2017-02-15,20170215,201702,2017,2017Q1,Wednesday
1225,2017-02-16,20170216,201702,2017,2017Q1,Thursday
1226,2017-02-17,20170217,201702,2017,2017Q1,Friday
1227,2017-02-18,20170218,201702,2017,2017Q1,Saturday
1228,2017-02-19,20170219,201702,2017,2017Q1,Sunday
1229,2017-02-20,20170220,201702,2017,2017Q1,Monday
1230,2017-02-21,20170221,201702,2017,2017Q1,Tuesday
1231,2017-02-22,20170222,201702,2017,2017Q1,Wednesday
1232,2017-02-23,20170223,201702,2017,2017Q1,Thursday
1233,2017-02-24,20170224,201702,2017,2017Q1,Friday
1234,2017-02-25,20170225,201702,2017,2017Q1,Saturday
1235,2017-02-26,20170226,201702,2017,2017Q1,Sunday
1236,2017-02-27,20170227,201702,2017,2017Q1,Monday
1237,2017-02-28,20170228,201702,2017,2017Q1,Tuesday
1238,2017-03-01,20170301,201703,2017,2017Q1,Wednesday
1239,2017-03-02,20170302,201703,2017,2017Q1,Thursday
1240,2017-03-03,20170303,201703,2017,2017Q1,Friday
1241,2017-03-04,20170304,201703,2017,2017Q1,Saturday
1242,2017-03-05,20170305,201703,2017,2017Q1,Sunday
1243,2017-03-06,20170306,201703,2017,2017Q1,Monday
1244,2017-03-07,20170307,201703,2017,2017Q1,Tuesday
1245,2017-03-08,20170308,201703,2017,2017Q1,Wednesday
1246,2017-03-09,20170309,201703,2017,2017Q1,Thursday
1247,2017-03-10,20170310,201703,2017,2017Q1,Friday
1248,2017-03-11,20170311,201703,2017,2017Q1,Saturday
1249,2017-03-12,20170312,201703,2017,2017Q1,Sunday
1250,2017-03-13,20170313,201703,2017,2017Q1,Monday
1251,2017-03-14,20170314,201703,2017,2017Q1,Tuesday
1252,2017-03-15,20170315,201703,2017,2017Q1,Wednesday
1253,2017-03-16,20170316,201703,2017,2017Q1,Thursday
1254,2017-03-17,20170317,201703,2017,2017Q1,Friday
1255,2017-03-18,20170318,201703,2017,2017Q1,Saturday
1256,2017-03-19,20170319,201703,2017,2017Q1,Sunday
1257,2017-03-20,20170320,201703,2017,2017Q1,Monday
1258,2017-03-21,20170321,201703,2017,2017Q1,Tuesday
1259,2017-03-22,20170322,201703,2017,2017Q1,Wednesday
1260,2017-03-23,20170323,201703,2017,2017Q1,Thursday
1261,2017-03-24,20170324,201703,2017,2017Q1,Friday
1262,2017-03-25,20170325,201703,2017,2017Q1,Saturday
1263,2017-03-26,20170326,201703,2017,2017Q1,Sunday
1264,2017-03-27,20170327,201703,2017,2017Q1,Monday
1265,2017-03-28,20170328,201703,2017,2017Q1,Tuesday
1266,2017-03-29,20170329,201703,2017,2017Q1,Wednesday
1267,2017-03-30,20170330,201703,2017,2017Q1,Thursday
1268,2017-03-31,20170331,201703,2017,2017Q1,Friday
1269,2017-04-01,20170401,201704,2017,2017Q2,Saturday
1270,2017-04-02,20170402,201704,2017,2017Q2,Sunday
1271,2017-04-03,20170403,201704,2017,2017Q2,Monday
1272,2017-04-04,20170404,201704,2017,2017Q2,Tuesday
1273,2017-04-05,20170405,201704,2017,2017Q2,Wednesday
1274,2017-04-06,20170406,201704,2017,2017Q2,Thursday
1275,2017-04-07,20170407,201704,2017,2017Q2,Friday
1276,2017-04-08,20170408,201704,2017,2017Q2,Saturday
1277,2017-04-09,20170409,201704,2017,2017Q2,Sunday
1278,2017-04-10,20170410,201704,2017,2017Q2,Monday
1279,2017-04-11,20170411,201704,2017,2017Q2,Tuesday
1280,2017-04-12,20170412,201704,2017,2017Q2,Wednesday
1281,2017-04-13,20170413,201704,2017,2017Q2,Thursday
1282,2017-04-14,20170414,201704,2017,2017Q2,Friday
1283,2017-04-15,20170415,201704,2017,2017Q2,Saturday
1284,2017-04-16,20170416,201704,2017,2017Q2,Sunday
1285,2017-04-17,20170417,201704,2017,2017Q2,Monday
1286,2017-04-18,20170418,201704,2017,2017Q2,Tuesday
1287,2017-04-19,20170419,201704,2017,2017Q2,Wednesday
1288,2017-04-20,20170420,201704,2017,2017Q2,Thursday
1289,2017-04-21,20170421,201704,2017,2017Q2,Friday
1290,2017-04-22,20170422,201704,2017,2017Q2,Saturday
1291,2017-04-23,20170423,201704,2017,2017Q2,Sunday
1292,2017-04-24,20170424,201704,2017,2017Q2,Monday
1293,2017-04-25,20170425,201704,2017,2017Q2,Tuesday
1294,2017-04-26,20170426,201704,2017,2017Q2,Wednesday
1295,2017-04-27,20170427,201704,2017,2017Q2,Thursday
1296,2017-04-28,20170428,201704,2017,2017Q2,Friday
1297,2017-04-29,20170429,201704,2017,2017Q2,Saturday
1298,2017-04-30,20170430,201704,2017,2017Q2,Sunday
1299,2017-05-01,20170501,201705,2017,2017Q2,Monday
1300,2017-05-02,20170502,201705,2017,2017Q2,Tuesday
1301,2017-05-03,20170503,201705,2017,2017Q2,Wednesday
1302,2017-05-04,20170504,201705,2017,2017Q2,Thursday
1303,2017-05-05,20170505,201705,2017,2017Q2,Friday
1304,2017-05-06,20170506,201705,2017,2017Q2,Saturday
1305,2017-05-07,20170507,201705,2017,2017Q2,Sunday
1306,2017-05-08,20170508,201705,2017,2017Q2,Monday
1307,2017-05-09,20170509,201705,2017,2017Q2,Tuesday
1308,2017-05-10,20170510,201705,2017,2017Q2,Wednesday
1309,2017-05-11,20170511,201705,2017,2017Q2,Thursday
1310,2017-05-12,20170512,201705,2017,2017Q2,Friday
1311,2017-05-13,20170513,201705,2017,2017Q2,Saturday
1312,2017-05-14,20170514,201705,2017,2017Q2,Sunday
1313,2017-05-15,20170515,201705,2017,2017Q2,Monday
1314,2017-05-16,20170516,201705,2017,2017Q2,Tuesday
1315,2017-05-17,20170517,201705,2017,2017Q2,Wednesday
1316,2017-05-18,20170518,201705,2017,2017Q2,Thursday
1317,2017-05-19,20170519,201705,2017,2017Q2,Friday
1318,2017-05-20,20170520,201705,2017,2017Q2,Saturday
1319,2017-05-21,20170521,201705,2017,2017Q2,Sunday
1320,2017-05-22,20170522,201705,2017,2017Q2,Monday
1321,2017-05-23,20170523,201705,2017,2017Q2,Tuesday
1322,2017-05-24,20170524,201705,2017,2017Q2,Wednesday
1323,2017-05-25,20170525,201705,2017,2017Q2,Thursday
1324,2017-05-26,20170526,201705,2017,2017Q2,Friday
1325,2017-05-27,20170527,201705,2017,2017Q2,Saturday
1326,2017-05-28,20170528,201705,2017,2017Q2,Sunday
1327,2017-05-29,20170529,201705,2017,2017Q2,Monday
1328,2017-05-30,20170530,201705,2017,2017Q2,Tuesday
1329,2017-05-31,20170531,201705,2017,2017Q2,Wednesday
1330,2017-06-01,20170601,201706,2017,2017Q2,Thursday
1331,2017-06-02,20170602,201706,2017,2017Q2,Friday
1332,2017-06-03,20170603,201706,2017,2017Q2,Saturday
1333,2017-06-04,20170604,201706,2017,2017Q2,Sunday
1334,2017-06-05,20170605,201706,2017,2017Q2,Monday
1335,2017-06-06,20170606,201706,2017,2017Q2,Tuesday
1336,2017-06-07,20170607,201706,2017,2017Q2,Wednesday
1337,2017-06-08,20170608,201706,2017,2017Q2,Thursday
1338,2017-06-09,20170609,201706,2017,2017Q2,Friday
1339,2017-06-10,20170610,201706,2017,2017Q2,Saturday
1340,2017-06-11,20170611,201706,2017,2017Q2,Sunday
1341,2017-06-12,20170612,201706,2017,2017Q2,Monday
1342,2017-06-13,20170613,201706,2017,2017Q2,Tuesday
1343,2017-06-14,20170614,201706,2017,2017Q2,Wednesday
1344,2017-06-15,20170615,201706,2017,2017Q2,Thursday
1345,2017-06-16,20170616,201706,2017,2017Q2,Friday
1346,2017-06-17,20170617,201706,2017,2017Q2,Saturday
1347,2017-06-18,20170618,201706,2017,2017Q2,Sunday
1348,2017-06-19,20170619,201706,2017,2017Q2,Monday
1349,2017-06-20,20170620,201706,2017,2017Q2,Tuesday
1350,2017-06-21,20170621,201706,2017,2017Q2,Wednesday
1351,2017-06-22,20170622,201706,2017,2017Q2,Thursday
1352,2017-06-23,20170623,201706,2017,2017Q2,Friday
1353,2017-06-24,20170624,201706,2017,2017Q2,Saturday
1354,2017-06-25,20170625,201706,2017,2017Q2,Sunday
1355,2017-06-26,20170626,201706,2017,2017Q2,Monday
1356,2017-06-27,20170627,201706,2017,2017Q2,Tuesday
1357,2017-06-28,20170628,201706,2017,2017Q2,Wednesday
1358,2017-06-29,20170629,201706,2017,2017Q2,Thursday
1359,2017-06-30,20170630,201706,2017,2017Q2,Friday
1360,2017-07-01,20170701,201707,2017,2017Q3,Saturday
1361,2017-07-02,20170702,201707,2017,2017Q3,Sunday
1362,2017-07-03,20170703,201707,2017,2017Q3,Monday
1363,2017-07-04,20170704,201707,2017,2017Q3,Tuesday
1364,2017-07-05,20170705,201707,2017,2017Q3,Wednesday
1365,2017-07-06,20170706,201707,2017,2017Q3,Thursday
1366,2017-07-07,20170707,201707,2017,2017Q3,Friday
1367,2017-07-08,20170708,201707,2017,2017Q3,Saturday
1368,2017-07-09,20170709,201707,2017,2017Q3,Sunday
1369,2017-07-10,20170710,201707,2017,2017Q3,Monday
1370,2017-07-11,20170711,201707,2017,2017Q3,Tuesday
1371,2017-07-12,20170712,201707,2017,2017Q3,Wednesday
1372,2017-07-13,20170713,201707,2017,2017Q3,Thursday
1373,2017-07-14,20170714,201707,2017,2017Q3,Friday
1374,2017-07-15,20170715,201707,2017,2017Q3,Saturday
1375,2017-07-16,20170716,201707,2017,2017Q3,Sunday
1376,2017-07-17,20170717,201707,2017,2017Q3,Monday
1377,2017-07-18,20170718,201707,2017,2017Q3,Tuesday
1378,2017-07-19,20170719,201707,2017,2017Q3,Wednesday
1379,2017-07-20,20170720,201707,2017,2017Q3,Thursday
1380,2017-07-21,20170721,201707,2017,2017Q3,Friday
1381,2017-07-22,20170722,201707,2017,2017Q3,Saturday
1382,2017-07-23,20170723,201707,2017,2017Q3,Sunday
1383,2017-07-24,20170724,201707,2017,2017Q3,Monday
1384,2017-07-25,20170725,201707,2017,2017Q3,Tuesday
1385,2017-07-26,20170726,201707,2017,2017Q3,Wednesday
1386,2017-07-27,20170727,201707,2017,2017Q3,Thursday
1387,2017-07-28,20170728,201707,2017,2017Q3,Friday
1388,2017-07-29,20170729,201707,2017,2017Q3,Saturday
1389,2017-07-30,20170730,201707,2017,2017Q3,Sunday
1390,2017-07-31,20170731,201707,2017,2017Q3,Monday
1391,2017-08-01,20170801,201708,2017,2017Q3,Tuesday
1392,2017-08-02,20170802,201708,2017,2017Q3,Wednesday
1393,2017-08-03,20170803,201708,2017,2017Q3,Thursday
1394,2017-08-04,20170804,201708,2017,2017Q3,Friday
1395,2017-08-05,20170805,201708,2017,2017Q3,Saturday
1396,2017-08-06,20170806,201708,2017,2017Q3,Sunday
1397,2017-08-07,20170807,201708,2017,2017Q3,Monday
1398,2017-08-08,20170808,201708,2017,2017Q3,Tuesday
1399,2017-08-09,20170809,201708,2017,2017Q3,Wednesday
1400,2017-08-10,20170810,201708,2017,2017Q3,Thursday
1401,2017-08-11,20170811,201708,2017,2017Q3,Friday
1402,2017-08-12,20170812,201708,2017,2017Q3,Saturday
1403,2017-08-13,20170813,201708,2017,2017Q3,Sunday
1404,2017-08-14,20170814,201708,2017,2017Q3,Monday
1405,2017-08-15,20170815,201708,2017,2017Q3,Tuesday
1406,2017-08-16,20170816,201708,2017,2017Q3,Wednesday
1407,2017-08-17,20170817,201708,2017,2017Q3,Thursday
1408,2017-08-18,20170818,201708,2017,2017Q3,Friday
1409,2017-08-19,20170819,201708,2017,2017Q3,Saturday
1410,2017-08-20,20170820,201708,2017,2017Q3,Sunday
1411,2017-08-21,20170821,201708,2017,2017Q3,Monday
1412,2017-08-22,20170822,201708,2017,2017Q3,Tuesday
1413,2017-08-23,20170823,201708,2017,2017Q3,Wednesday
1414,2017-08-24,20170824,201708,2017,2017Q3,Thursday
1415,2017-08-25,20170825,201708,2017,2017Q3,Friday
1416,2017-08-26,20170826,201708,2017,2017Q3,Saturday
1417,2017-08-27,20170827,201708,2017,2017Q3,Sunday
1418,2017-08-28,20170828,201708,2017,2017Q3,Monday
1419,2017-08-29,20170829,201708,2017,2017Q3,Tuesday
1420,2017-08-30,20170830,201708,2017,2017Q3,Wednesday
1421,2017-08-31,20170831,201708,2017,2017Q3,Thursday
1422,2017-09-01,20170901,201709,2017,2017Q3,Friday
1423,2017-09-02,20170902,201709,2017,2017Q3,Saturday
1424,2017-09-03,20170903,201709,2017,2017Q3,Sunday
1425,2017-09-04,20170904,201709,2017,2017Q3,Monday
1426,2017-09-05,20170905,201709,2017,2017Q3,Tuesday
1427,2017-09-06,20170906,201709,2017,2017Q3,Wednesday
1428,2017-09-07,20170907,201709,2017,2017Q3,Thursday
1429,2017-09-08,20170908,201709,2017,2017Q3,Friday
1430,2017-09-09,20170909,201709,2017,2017Q3,Saturday
1431,2017-09-10,20170910,201709,2017,2017Q3,Sunday
1432,2017-09-11,20170911,201709,2017,2017Q3,Monday
1433,2017-09-12,20170912,201709,2017,2017Q3,Tuesday
1434,2017-09-13,20170913,201709,2017,2017Q3,Wednesday
1435,2017-09-14,20170914,201709,2017,2017Q3,Thursday
1436,2017-09-15,20170915,201709,2017,2017Q3,Friday
1437,2017-09-16,20170916,201709,2017,2017Q3,Saturday
1438,2017-09-17,20170917,201709,2017,2017Q3,Sunday
1439,2017-09-18,20170918,201709,2017,2017Q3,Monday
1440,2017-09-19,20170919,201709,2017,2017Q3,Tuesday
1441,2017-09-20,20170920,201709,2017,2017Q3,Wednesday
1442,2017-09-21,20170921,201709,2017,2017Q3,Thursday
1443,2017-09-22,20170922,201709,2017,2017Q3,Friday
1444,2017-09-23,20170923,201709,2017,2017Q3,Saturday
1445,2017-09-24,20170924,201709,2017,2017Q3,Sunday
1446,2017-09-25,20170925,201709,2017,2017Q3,Monday
1447,2017-09-26,20170926,201709,2017,2017Q3,Tuesday
1448,2017-09-27,20170927,201709,2017,2017Q3,Wednesday
1449,2017-09-28,20170928,201709,2017,2017Q3,Thursday
1450,2017-09-29,20170929,201709,2017,2017Q3,Friday
1451,2017-09-30,20170930,201709,2017,2017Q3,Saturday
1452,2017-10-01,20171001,201710,2017,2017Q4,Sunday
1453,2017-10-02,20171002,201710,2017,2017Q4,Monday
1454,2017-10-03,20171003,201710,2017,2017Q4,Tuesday
1455,2017-10-04,20171004,201710,2017,2017Q4,Wednesday
1456,2017-10-05,20171005,201710,2017,2017Q4,Thursday
1457,2017-10-06,20171006,201710,2017,2017Q4,Friday
1458,2017-10-07,20171007,201710,2017,2017Q4,Saturday
1459,2017-10-08,20171008,201710,2017,2017Q4,Sunday
1460,2017-10-09,20171009,201710,2017,2017Q4,Monday
1461,2017-10-10,20171010,201710,2017,2017Q4,Tuesday
1462,2017-10-11,20171011,201710,2017,2017Q4,Wednesday
1463,2017-10-12,20171012,201710,2017,2017Q4,Thursday
1464,2017-10-13,20171013,201710,2017,2017Q4,Friday
1465,2017-10-14,20171014,201710,2017,2017Q4,Saturday
1466,2017-10-15,20171015,201710,2017,2017Q4,Sunday
1467,2017-10-16,20171016,201710,2017,2017Q4,Monday
1468,2017-10-17,20171017,201710,2017,2017Q4,Tuesday
1469,2017-10-18,20171018,201710,2017,2017Q4,Wednesday
1470,2017-10-19,20171019,201710,2017,2017Q4,Thursday
1471,2017-10-20,20171020,201710,2017,2017Q4,Friday
1472,2017-10-21,20171021,201710,2017,2017Q4,Saturday
1473,2017-10-22,20171022,201710,2017,2017Q4,Sunday
1474,2017-10-23,20171023,201710,2017,2017Q4,Monday
1475,2017-10-24,20171024,201710,2017,2017Q4,Tuesday
1476,2017-10-25,20171025,201710,2017,2017Q4,Wednesday
1477,2017-10-26,20171026,201710,2017,2017Q4,Thursday
1478,2017-10-27,20171027,201710,2017,2017Q4,Friday
1479,2017-10-28,20171028,201710,2017,2017Q4,Saturday
1480,2017-10-29,20171029,201710,2017,2017Q4,Sunday
1481,2017-10-30,20171030,201710,2017,2017Q4,Monday
1482,2017-10-31,20171031,201710,2017,2017Q4,Tuesday
1483,2017-11-01,20171101,201711,2017,2017Q4,Wednesday
1484,2017-11-02,20171102,201711,2017,2017Q4,Thursday
1485,2017-11-03,20171103,201711,2017,2017Q4,Friday
1486,2017-11-04,20171104,201711,2017,2017Q4,Saturday
1487,2017-11-05,20171105,201711,2017,2017Q4,Sunday
1488,2017-11-06,20171106,201711,2017,2017Q4,Monday
1489,2017-11-07,20171107,201711,2017,2017Q4,Tuesday
1490,2017-11-08,20171108,201711,2017,2017Q4,Wednesday
1491,2017-11-09,20171109,201711,2017,2017Q4,Thursday
1492,2017-11-10,20171110,201711,2017,2017Q4,Friday
1493,2017-11-11,20171111,201711,2017,2017Q4,Saturday
1494,2017-11-12,20171112,201711,2017,2017Q4,Sunday
1495,2017-11-13,20171113,201711,2017,2017Q4,Monday
1496,2017-11-14,20171114,201711,2017,2017Q4,Tuesday
1497,2017-11-15,20171115,201711,2017,2017Q4,Wednesday
1498,2017-11-16,20171116,201711,2017,2017Q4,Thursday
1499,2017-11-17,20171117,201711,2017,2017Q4,Friday
1500,2017-11-18,20171118,201711,2017,2017Q4,Saturday
1501,2017-11-19,20171119,201711,2017,2017Q4,Sunday
1502,2017-11-20,20171120,201711,2017,2017Q4,Monday
1503,2017-11-21,20171121,201711,2017,2017Q4,Tuesday
1504,2017-11-22,20171122,201711,2017,2017Q4,Wednesday
1505,2017-11-23,20171123,201711,2017,2017Q4,Thursday
1506,2017-11-24,20171124,201711,2017,2017Q4,Friday
1507,2017-11-25,20171125,201711,2017,2017Q4,Saturday
1508,2017-11-26,20171126,201711,2017,2017Q4,Sunday
1509,2017-11-27,20171127,201711,2017,2017Q4,Monday
1510,2017-11-28,20171128,201711,2017,2017Q4,Tuesday
1511,2017-11-29,20171129,201711,2017,2017Q4,Wednesday
1512,2017-11-30,20171130,201711,2017,2017Q4,Thursday
1513,2017-12-01,20171201,201712,2017,2017Q4,Friday
1514,2017-12-02,20171202,201712,2017,2017Q4,Saturday
1515,2017-12-03,20171203,201712,2017,2017Q4,Sunday
1516,2017-12-04,20171204,201712,2017,2017Q4,Monday
1517,2017-12-05,20171205,201712,2017,2017Q4,Tuesday
1518,2017-12-06,20171206,201712,2017,2017Q4,Wednesday
1519,2017-12-07,20171207,201712,2017,2017Q4,Thursday
1520,2017-12-08,20171208,201712,2017,2017Q4,Friday
1521,2017-12-09,20171209,201712,2017,2017Q4,Saturday
1522,2017-12-10,20171210,201712,2017,2017Q4,Sunday
1523,2017-12-11,20171211,201712,2017,2017Q4,Monday
1524,2017-12-12,20171212,201712,2017,2017Q4,Tuesday
1525,2017-12-13,20171213,201712,2017,2017Q4,Wednesday
1526,2017-12-14,20171214,201712,2017,2017Q4,Thursday
1527,2017-12-15,20171215,201712,2017,2017Q4,Friday
1528,2017-12-16,20171216,201712,2017,2017Q4,Saturday
1529,2017-12-17,20171217,201712,2017,2017Q4,Sunday
1530,2017-12-18,20171218,201712,2017,2017Q4,Monday
1531,2017-12-19,20171219,201712,2017,2017Q4,Tuesday
1532,2017-12-20,20171220,201712,2017,2017Q4,Wednesday
1533,2017-12-21,20171221,201712,2017,2017Q4,Thursday
1534,2017-12-22,20171222,201712,2017,2017Q4,Friday
1535,2017-12-23,20171223,201712,2017,2017Q4,Saturday
1536,2017-12-24,20171224,201712,2017,2017Q4,Sunday
1537,2017-12-25,20171225,201712,2017,2017Q4,Monday
1538,2017-12-26,20171226,201712,2017,2017Q4,Tuesday
1539,2017-12-27,20171227,201712,2017,2017Q4,Wednesday
1540,2017-12-28,20171228,201712,2017,2017Q4,Thursday
1541,2017-12-29,20171229,201712,2017,2017Q4,Friday
1542,2017-12-30,20171230,201712,2017,2017Q4,Saturday
1543,2017-12-31,20171231,201712,2017,2017Q4,Sunday
1544,2018-01-01,20180101,201801,2018,2018Q1,Monday
1545,2018-01-02,20180102,201801,2018,2018Q1,Tuesday
1546,2018-01-03,20180103,201801,2018,2018Q1,Wednesday
1547,2018-01-04,20180104,201801,2018,2018Q1,Thursday
1548,2018-01-05,20180105,201801,2018,2018Q1,Friday
1549,2018-01-06,20180106,201801,2018,2018Q1,Saturday
1550,2018-01-07,20180107,201801,2018,2018Q1,Sunday
1551,2018-01-08,20180108,201801,2018,2018Q1,Monday
1552,2018-01-09,20180109,201801,2018,2018Q1,Tuesday
1553,2018-01-10,20180110,201801,2018,2018Q1,Wednesday
1554,2018-01-11,20180111,201801,2018,2018Q1,Thursday
1555,2018-01-12,20180112,201801,2018,2018Q1,Friday
1556,2018-01-13,20180113,201801,2018,2018Q1,Saturday
1557,2018-01-14,20180114,201801,2018,2018Q1,Sunday
1558,2018-01-15,20180115,201801,2018,2018Q1,Monday
1559,2018-01-16,20180116,201801,2018,2018Q1,Tuesday
1560,2018-01-17,20180117,201801,2018,2018Q1,Wednesday
1561,2018-01-18,20180118,201801,2018,2018Q1,Thursday
1562,2018-01-19,20180119,201801,2018,2018Q1,Friday
1563,2018-01-20,20180120,201801,2018,2018Q1,Saturday
1564,2018-01-21,20180121,201801,2018,2018Q1,Sunday
1565,2018-01-22,20180122,201801,2018,2018Q1,Monday
1566,2018-01-23,20180123,201801,2018,2018Q1,Tuesday
1567,2018-01-24,20180124,201801,2018,2018Q1,Wednesday
1568,2018-01-25,20180125,201801,2018,2018Q1,Thursday
1569,2018-01-26,20180126,201801,2018,2018Q1,Friday
1570,2018-01-27,20180127,201801,2018,2018Q1,Saturday
1571,2018-01-28,20180128,201801,2018,2018Q1,Sunday
1572,2018-01-29,20180129,201801,2018,2018Q1,Monday
1573,2018-01-30,20180130,201801,2018,2018Q1,Tuesday
1574,2018-01-31,20180131,201801,2018,2018Q1,Wednesday
1575,2018-02-01,20180201,201802,2018,2018Q1,Thursday
1576,2018-02-02,20180202,201802,2018,2018Q1,Friday
1577,2018-02-03,20180203,201802,2018,2018Q1,Saturday
1578,2018-02-04,20180204,201802,2018,2018Q1,Sunday
1579,2018-02-05,20180205,201802,2018,2018Q1,Monday
1580,2018-02-06,20180206,201802,2018,2018Q1,Tuesday
1581,2018-02-07,20180207,201802,2018,2018Q1,Wednesday
1582,2018-02-08,20180208,201802,2018,2018Q1,Thursday
1583,2018-02-09,20180209,201802,2018,2018Q1,Friday
1584,2018-02-10,20180210,201802,2018,2018Q1,Saturday
1585,2018-02-11,20180211,201802,2018,2018Q1,Sunday
1586,2018-02-12,20180212,201802,2018,2018Q1,Monday
1587,2018-02-13,20180213,201802,2018,2018Q1,Tuesday
1588,2018-02-14,20180214,201802,2018,2018Q1,Wednesday
1589,2018-02-15,20180215,201802,2018,2018Q1,Thursday
1590,2018-02-16,20180216,201802,2018,2018Q1,Friday
1591,2018-02-17,20180217,201802,2018,2018Q1,Saturday
1592,2018-02-18,20180218,201802,2018,2018Q1,Sunday
1593,2018-02-19,20180219,201802,2018,2018Q1,Monday
1594,2018-02-20,20180220,201802,2018,2018Q1,Tuesday
1595,2018-02-21,20180221,201802,2018,2018Q1,Wednesday
1596,2018-02-22,20180222,201802,2018,2018Q1,Thursday
1597,2018-02-23,20180223,201802,2018,2018Q1,Friday
1598,2018-02-24,20180224,201802,2018,2018Q1,Saturday
1599,2018-02-25,20180225,201802,2018,2018Q1,Sunday
1600,2018-02-26,20180226,201802,2018,2018Q1,Monday
1601,2018-02-27,20180227,201802,2018,2018Q1,Tuesday
1602,2018-02-28,20180228,201802,2018,2018Q1,Wednesday
1603,2018-03-01,20180301,201803,2018,2018Q1,Thursday
1604,2018-03-02,20180302,201803,2018,2018Q1,Friday
1605,2018-03-03,20180303,201803,2018,2018Q1,Saturday
1606,2018-03-04,20180304,201803,2018,2018Q1,Sunday
1607,2018-03-05,20180305,201803,2018,2018Q1,Monday
1608,2018-03-06,20180306,201803,2018,2018Q1,Tuesday
1609,2018-03-07,20180307,201803,2018,2018Q1,Wednesday
1610,2018-03-08,20180308,201803,2018,2018Q1,Thursday
1611,2018-03-09,20180309,201803,2018,2018Q1,Friday
1612,2018-03-10,20180310,201803,2018,2018Q1,Saturday
1613,2018-03-11,20180311,201803,2018,2018Q1,Sunday
1614,2018-03-12,20180312,201803,2018,2018Q1,Monday
1615,2018-03-13,20180313,201803,2018,2018Q1,Tuesday
1616,2018-03-14,20180314,201803,2018,2018Q1,Wednesday
1617,2018-03-15,20180315,201803,2018,2018Q1,Thursday
1618,2018-03-16,20180316,201803,2018,2018Q1,Friday
1619,2018-03-17,20180317,201803,2018,2018Q1,Saturday
1620,2018-03-18,20180318,201803,2018,2018Q1,Sunday
1621,2018-03-19,20180319,201803,2018,2018Q1,Monday
1622,2018-03-20,20180320,201803,2018,2018Q1,Tuesday
1623,2018-03-21,20180321,201803,2018,2018Q1,Wednesday
1624,2018-03-22,20180322,201803,2018,2018Q1,Thursday
1625,2018-03-23,20180323,201803,2018,2018Q1,Friday
1626,2018-03-24,20180324,201803,2018,2018Q1,Saturday
1627,2018-03-25,20180325,201803,2018,2018Q1,Sunday
1628,2018-03-26,20180326,201803,2018,2018Q1,Monday
1629,2018-03-27,20180327,201803,2018,2018Q1,Tuesday
1630,2018-03-28,20180328,201803,2018,2018Q1,Wednesday
1631,2018-03-29,20180329,201803,2018,2018Q1,Thursday
1632,2018-03-30,20180330,201803,2018,2018Q1,Friday
1633,2018-03-31,20180331,201803,2018,2018Q1,Saturday
